book_title,book_genre,price,copies_available,author_full_name,author_nationality,author_birth_year,author_email
Таємниця 1,Детектив,455.61,367,Коваленко Олег,Українська,1960,author0@library.ua
Останній 2,Історичний роман,878.44,284,Шевченко Марія,Французька,1951,author1@library.ua
Зоряний 3,Біографія,998.11,221,Бондаренко Іван,Німецька,1980,author2@library.ua
Пригоди 4,Пригоди,921.77,36,Мельник Анна,Американська,1966,author3@library.ua
Тінь 5,Біографія,1189.99,120,Лисенко Петро,Українська,1986,author4@library.ua
Серце 6,Наукова фантастика,549.74,18,Поліщук Олена,Українська,1969,author5@library.ua
Код 7,Романтика,443.1,487,Ткаченко Василь,Американська,1955,author6@library.ua
Вогонь 8,Історичний роман,131.86,464,Кравченко Тетяна,Японська,1976,author7@library.ua
Голос 9,Історичний роман,913.21,271,Гончаренко Андрій,Британська,1975,author8@library.ua
Місто 10,Наукова фантастика,921.83,385,Савченко Наталія,Американська,1965,author9@library.ua
Легенда про 11,Романтика,808.52,212,Коваленко Олег,Британська,1941,author10@library.ua
Повернення 12,Детектив,602.0,381,Шевченко Марія,Польська,1992,author11@library.ua
Забутий 13,Пригоди,978.99,486,Бондаренко Іван,Британська,1963,author12@library.ua
Нічний 14,Історичний роман,486.32,299,Мельник Анна,Українська,1940,author13@library.ua
Крила 15,Історичний роман,96.49,330,Лисенко Петро,Британська,1987,author14@library.ua
Острів 16,Жахи,834.54,37,Поліщук Олена,Японська,1976,author15@library.ua
Межа 17,Психологія,622.93,155,Ткаченко Василь,Французька,1956,author16@library.ua
Дзеркало 18,Біографія,1115.3,25,Кравченко Тетяна,Американська,1976,author17@library.ua
Сон 19,Жахи,629.52,401,Гончаренко Андрій,Японська,1980,author18@library.ua
Рівновага 20,Жахи,563.76,371,Савченко Наталія,Французька,1970,author19@library.ua
Таємниця 21,Фантастика,366.78,68,Коваленко Олег,Британська,1944,author20@library.ua
Останній 22,Історичний роман,1068.48,476,Шевченко Марія,Британська,1982,author21@library.ua
Зоряний 23,Жахи,456.45,72,Бондаренко Іван,Українська,1962,author22@library.ua
Пригоди 24,Детектив,908.02,383,Мельник Анна,Американська,1994,author23@library.ua
Тінь 25,Романтика,735.12,333,Лисенко Петро,Німецька,1991,author24@library.ua
Серце 26,Пригоди,214.59,359,Поліщук Олена,Французька,1949,author25@library.ua
Код 27,Біографія,918.85,130,Ткаченко Василь,Польська,1945,author26@library.ua
Вогонь 28,Поезія,193.64,381,Кравченко Тетяна,Німецька,1961,author27@library.ua
Голос 29,Детектив,125.72,436,Гончаренко Андрій,Американська,1958,author28@library.ua
Місто 30,Психологія,898.38,459,Савченко Наталія,Німецька,1979,author29@library.ua
Легенда про 31,Пригоди,243.83,145,Коваленко Олег,Німецька,1986,author30@library.ua
Повернення 32,Фантастика,974.87,450,Шевченко Марія,Британська,1941,author31@library.ua
Забутий 33,Наукова фантастика,571.56,379,Бондаренко Іван,Польська,1988,author32@library.ua
Нічний 34,Романтика,461.51,457,Мельник Анна,Українська,1953,author33@library.ua
Крила 35,Біографія,327.13,266,Лисенко Петро,Французька,1961,author34@library.ua
Острів 36,Психологія,729.75,272,Поліщук Олена,Польська,1959,author35@library.ua
Межа 37,Детектив,860.26,77,Ткаченко Василь,Японська,1994,author36@library.ua
Дзеркало 38,Наукова фантастика,641.38,210,Кравченко Тетяна,Американська,1978,author37@library.ua
Сон 39,Поезія,483.32,200,Гончаренко Андрій,Британська,1940,author38@library.ua
Рівновага 40,Історичний роман,1101.4,377,Савченко Наталія,Німецька,1982,author39@library.ua
Таємниця 41,Детектив,998.53,290,Коваленко Олег,Британська,1950,author40@library.ua
Останній 42,Історичний роман,341.74,446,Шевченко Марія,Британська,1976,author41@library.ua
Зоряний 43,Біографія,692.71,316,Бондаренко Іван,Німецька,1965,author42@library.ua
Пригоди 44,Детектив,1126.12,440,Мельник Анна,Японська,1982,author43@library.ua
Тінь 45,Історичний роман,720.95,74,Лисенко Петро,Українська,1993,author44@library.ua
Серце 46,Пригоди,780.23,311,Поліщук Олена,Німецька,1949,author45@library.ua
Код 47,Наукова фантастика,796.2,120,Ткаченко Василь,Польська,1950,author46@library.ua
Вогонь 48,Наукова фантастика,392.35,197,Кравченко Тетяна,Німецька,1941,author47@library.ua
Голос 49,Романтика,1013.86,367,Гончаренко Андрій,Японська,1945,author48@library.ua
Місто 50,Жахи,798.45,220,Савченко Наталія,Американська,1966,author49@library.ua
Легенда про 51,Фантастика,55.35,325,Коваленко Олег,Українська,1960,author0@library.ua
Повернення 52,Психологія,886.37,37,Шевченко Марія,Французька,1951,author1@library.ua
Забутий 53,Жахи,560.23,10,Бондаренко Іван,Німецька,1980,author2@library.ua
Нічний 54,Наукова фантастика,1068.14,490,Мельник Анна,Американська,1966,author3@library.ua
Крила 55,Жахи,844.01,35,Лисенко Петро,Українська,1986,author4@library.ua
Острів 56,Жахи,140.49,471,Поліщук Олена,Українська,1969,author5@library.ua
Межа 57,Наукова фантастика,347.96,151,Ткаченко Василь,Американська,1955,author6@library.ua
Дзеркало 58,Детектив,712.96,386,Кравченко Тетяна,Японська,1976,author7@library.ua
Сон 59,Фантастика,401.13,411,Гончаренко Андрій,Британська,1975,author8@library.ua
Рівновага 60,Жахи,891.36,224,Савченко Наталія,Американська,1965,author9@library.ua
Таємниця 61,Фантастика,541.27,147,Коваленко Олег,Британська,1941,author10@library.ua
Останній 62,Детектив,360.48,96,Шевченко Марія,Польська,1992,author11@library.ua
Зоряний 63,Жахи,256.44,158,Бондаренко Іван,Британська,1963,author12@library.ua
Пригоди 64,Наукова фантастика,1054.66,108,Мельник Анна,Українська,1940,author13@library.ua
Тінь 65,Жахи,907.96,407,Лисенко Петро,Британська,1987,author14@library.ua
Серце 66,Наукова фантастика,159.19,166,Поліщук Олена,Японська,1976,author15@library.ua
Код 67,Історичний роман,56.96,333,Ткаченко Василь,Французька,1956,author16@library.ua
Вогонь 68,Історичний роман,332.41,104,Кравченко Тетяна,Американська,1976,author17@library.ua
Голос 69,Фантастика,606.32,456,Гончаренко Андрій,Японська,1980,author18@library.ua
Місто 70,Пригоди,1046.45,134,Савченко Наталія,Французька,1970,author19@library.ua
Легенда про 71,Психологія,422.67,117,Коваленко Олег,Британська,1944,author20@library.ua
Повернення 72,Біографія,757.53,109,Шевченко Марія,Британська,1982,author21@library.ua
Забутий 73,Наукова фантастика,65.83,459,Бондаренко Іван,Українська,1962,author22@library.ua
Нічний 74,Психологія,369.84,58,Мельник Анна,Американська,1994,author23@library.ua
Крила 75,Романтика,127.92,79,Лисенко Петро,Німецька,1991,author24@library.ua
Острів 76,Наукова фантастика,745.62,420,Поліщук Олена,Французька,1949,author25@library.ua
Межа 77,Романтика,377.01,449,Ткаченко Василь,Польська,1945,author26@library.ua
Дзеркало 78,Наукова фантастика,921.09,216,Кравченко Тетяна,Німецька,1961,author27@library.ua
Сон 79,Жахи,392.38,204,Гончаренко Андрій,Американська,1958,author28@library.ua
Рівновага 80,Наукова фантастика,545.59,326,Савченко Наталія,Німецька,1979,author29@library.ua
Таємниця 81,Поезія,956.39,262,Коваленко Олег,Німецька,1986,author30@library.ua
Останній 82,Історичний роман,506.91,18,Шевченко Марія,Британська,1941,author31@library.ua
Зоряний 83,Історичний роман,584.2,379,Бондаренко Іван,Польська,1988,author32@library.ua
Пригоди 84,Жахи,376.21,360,Мельник Анна,Українська,1953,author33@library.ua
Тінь 85,Детектив,445.19,83,Лисенко Петро,Французька,1961,author34@library.ua
Серце 86,Поезія,367.04,342,Поліщук Олена,Польська,1959,author35@library.ua
Код 87,Детектив,834.03,494,Ткаченко Василь,Японська,1994,author36@library.ua
Вогонь 88,Історичний роман,866.11,215,Кравченко Тетяна,Американська,1978,author37@library.ua
Голос 89,Жахи,402.07,243,Гончаренко Андрій,Британська,1940,author38@library.ua
Місто 90,Романтика,1130.41,127,Савченко Наталія,Німецька,1982,author39@library.ua
Легенда про 91,Історичний роман,802.73,31,Коваленко Олег,Британська,1950,author40@library.ua
Повернення 92,Поезія,851.06,161,Шевченко Марія,Британська,1976,author41@library.ua
Забутий 93,Наукова фантастика,695.35,408,Бондаренко Іван,Німецька,1965,author42@library.ua
Нічний 94,Поезія,72.2,128,Мельник Анна,Японська,1982,author43@library.ua
Крила 95,Історичний роман,783.84,235,Лисенко Петро,Українська,1993,author44@library.ua
Острів 96,Історичний роман,856.24,198,Поліщук Олена,Німецька,1949,author45@library.ua
Межа 97,Пригоди,473.72,248,Ткаченко Василь,Польська,1950,author46@library.ua
Дзеркало 98,Історичний роман,395.64,189,Кравченко Тетяна,Німецька,1941,author47@library.ua
Сон 99,Детектив,502.7,74,Гончаренко Андрій,Японська,1945,author48@library.ua
Рівновага 100,Фантастика,68.58,383,Савченко Наталія,Американська,1966,author49@library.ua
Таємниця 101,Романтика,188.93,432,Коваленко Олег,Українська,1960,author0@library.ua
Останній 102,Поезія,213.54,468,Шевченко Марія,Французька,1951,author1@library.ua
Зоряний 103,Романтика,984.77,199,Бондаренко Іван,Німецька,1980,author2@library.ua
Пригоди 104,Психологія,792.17,465,Мельник Анна,Американська,1966,author3@library.ua
Тінь 105,Детектив,1047.0,17,Лисенко Петро,Українська,1986,author4@library.ua
Серце 106,Психологія,428.74,235,Поліщук Олена,Українська,1969,author5@library.ua
Код 107,Романтика,541.36,271,Ткаченко Василь,Американська,1955,author6@library.ua
Вогонь 108,Біографія,1012.63,105,Кравченко Тетяна,Японська,1976,author7@library.ua
Голос 109,Біографія,769.07,258,Гончаренко Андрій,Британська,1975,author8@library.ua
Місто 110,Детектив,100.24,369,Савченко Наталія,Американська,1965,author9@library.ua
Легенда про 111,Історичний роман,368.57,417,Коваленко Олег,Британська,1941,author10@library.ua
Повернення 112,Історичний роман,242.82,247,Шевченко Марія,Польська,1992,author11@library.ua
Забутий 113,Психологія,912.55,335,Бондаренко Іван,Британська,1963,author12@library.ua
Нічний 114,Біографія,393.57,101,Мельник Анна,Українська,1940,author13@library.ua
Крила 115,Психологія,554.0,486,Лисенко Петро,Британська,1987,author14@library.ua
Острів 116,Романтика,652.18,306,Поліщук Олена,Японська,1976,author15@library.ua
Межа 117,Пригоди,288.72,368,Ткаченко Василь,Французька,1956,author16@library.ua
Дзеркало 118,Біографія,50.67,448,Кравченко Тетяна,Американська,1976,author17@library.ua
Сон 119,Детектив,341.08,388,Гончаренко Андрій,Японська,1980,author18@library.ua
Рівновага 120,Детектив,601.62,149,Савченко Наталія,Французька,1970,author19@library.ua
Таємниця 121,Історичний роман,129.72,467,Коваленко Олег,Британська,1944,author20@library.ua
Останній 122,Романтика,1082.76,361,Шевченко Марія,Британська,1982,author21@library.ua
Зоряний 123,Жахи,1129.35,335,Бондаренко Іван,Українська,1962,author22@library.ua
Пригоди 124,Романтика,401.22,188,Мельник Анна,Американська,1994,author23@library.ua
Тінь 125,Психологія,328.05,277,Лисенко Петро,Німецька,1991,author24@library.ua
Серце 126,Романтика,369.01,21,Поліщук Олена,Французька,1949,author25@library.ua
Код 127,Романтика,264.82,16,Ткаченко Василь,Польська,1945,author26@library.ua
Вогонь 128,Детектив,1168.33,325,Кравченко Тетяна,Німецька,1961,author27@library.ua
Голос 129,Психологія,1161.22,472,Гончаренко Андрій,Американська,1958,author28@library.ua
Місто 130,Жахи,1076.97,432,Савченко Наталія,Німецька,1979,author29@library.ua
Легенда про 131,Жахи,1075.85,194,Коваленко Олег,Німецька,1986,author30@library.ua
Повернення 132,Романтика,282.58,421,Шевченко Марія,Британська,1941,author31@library.ua
Забутий 133,Жахи,369.0,371,Бондаренко Іван,Польська,1988,author32@library.ua
Нічний 134,Жахи,141.33,422,Мельник Анна,Українська,1953,author33@library.ua
Крила 135,Наукова фантастика,1080.68,85,Лисенко Петро,Французька,1961,author34@library.ua
Острів 136,Жахи,785.12,475,Поліщук Олена,Польська,1959,author35@library.ua
Межа 137,Пригоди,802.53,57,Ткаченко Василь,Японська,1994,author36@library.ua
Дзеркало 138,Наукова фантастика,1002.31,63,Кравченко Тетяна,Американська,1978,author37@library.ua
Сон 139,Фантастика,1161.87,166,Гончаренко Андрій,Британська,1940,author38@library.ua
Рівновага 140,Поезія,226.0,59,Савченко Наталія,Німецька,1982,author39@library.ua
Таємниця 141,Романтика,361.34,85,Коваленко Олег,Британська,1950,author40@library.ua
Останній 142,Детектив,717.13,165,Шевченко Марія,Британська,1976,author41@library.ua
Зоряний 143,Поезія,209.33,481,Бондаренко Іван,Німецька,1965,author42@library.ua
Пригоди 144,Психологія,700.63,124,Мельник Анна,Японська,1982,author43@library.ua
Тінь 145,Фантастика,162.09,18,Лисенко Петро,Українська,1993,author44@library.ua
Серце 146,Детектив,898.68,162,Поліщук Олена,Німецька,1949,author45@library.ua
Код 147,Детектив,872.99,463,Ткаченко Василь,Польська,1950,author46@library.ua
Вогонь 148,Пригоди,170.73,345,Кравченко Тетяна,Німецька,1941,author47@library.ua
Голос 149,Наукова фантастика,710.74,143,Гончаренко Андрій,Японська,1945,author48@library.ua
Місто 150,Жахи,946.42,67,Савченко Наталія,Американська,1966,author49@library.ua
Легенда про 151,Жахи,987.11,45,Коваленко Олег,Українська,1960,author0@library.ua
Повернення 152,Жахи,1190.44,468,Шевченко Марія,Французька,1951,author1@library.ua
Забутий 153,Наукова фантастика,939.12,141,Бондаренко Іван,Німецька,1980,author2@library.ua
Нічний 154,Фантастика,817.67,363,Мельник Анна,Американська,1966,author3@library.ua
Крила 155,Поезія,85.19,208,Лисенко Петро,Українська,1986,author4@library.ua
Острів 156,Психологія,842.42,273,Поліщук Олена,Українська,1969,author5@library.ua
Межа 157,Біографія,788.82,344,Ткаченко Василь,Американська,1955,author6@library.ua
Дзеркало 158,Біографія,185.32,166,Кравченко Тетяна,Японська,1976,author7@library.ua
Сон 159,Детектив,340.69,323,Гончаренко Андрій,Британська,1975,author8@library.ua
Рівновага 160,Романтика,640.07,44,Савченко Наталія,Американська,1965,author9@library.ua
Таємниця 161,Пригоди,977.79,364,Коваленко Олег,Британська,1941,author10@library.ua
Останній 162,Біографія,625.27,400,Шевченко Марія,Польська,1992,author11@library.ua
Зоряний 163,Наукова фантастика,234.63,459,Бондаренко Іван,Британська,1963,author12@library.ua
Пригоди 164,Біографія,191.49,493,Мельник Анна,Українська,1940,author13@library.ua
Тінь 165,Пригоди,78.55,454,Лисенко Петро,Британська,1987,author14@library.ua
Серце 166,Поезія,743.45,290,Поліщук Олена,Японська,1976,author15@library.ua
Код 167,Жахи,1045.9,447,Ткаченко Василь,Французька,1956,author16@library.ua
Вогонь 168,Фантастика,610.58,54,Кравченко Тетяна,Американська,1976,author17@library.ua
Голос 169,Романтика,255.77,418,Гончаренко Андрій,Японська,1980,author18@library.ua
Місто 170,Фантастика,477.31,364,Савченко Наталія,Французька,1970,author19@library.ua
Легенда про 171,Жахи,960.49,7,Коваленко Олег,Британська,1944,author20@library.ua
Повернення 172,Поезія,748.41,485,Шевченко Марія,Британська,1982,author21@library.ua
Забутий 173,Наукова фантастика,800.69,444,Бондаренко Іван,Українська,1962,author22@library.ua
Нічний 174,Психологія,1015.53,85,Мельник Анна,Американська,1994,author23@library.ua
Крила 175,Історичний роман,458.63,64,Лисенко Петро,Німецька,1991,author24@library.ua
Острів 176,Історичний роман,431.45,483,Поліщук Олена,Французька,1949,author25@library.ua
Межа 177,Детектив,897.06,244,Ткаченко Василь,Польська,1945,author26@library.ua
Дзеркало 178,Поезія,479.68,371,Кравченко Тетяна,Німецька,1961,author27@library.ua
Сон 179,Історичний роман,159.16,109,Гончаренко Андрій,Американська,1958,author28@library.ua
Рівновага 180,Фантастика,1164.91,129,Савченко Наталія,Німецька,1979,author29@library.ua
Таємниця 181,Наукова фантастика,406.6,362,Коваленко Олег,Німецька,1986,author30@library.ua
Останній 182,Наукова фантастика,377.53,151,Шевченко Марія,Британська,1941,author31@library.ua
Зоряний 183,Фантастика,439.76,155,Бондаренко Іван,Польська,1988,author32@library.ua
Пригоди 184,Детектив,464.28,381,Мельник Анна,Українська,1953,author33@library.ua
Тінь 185,Детектив,560.94,259,Лисенко Петро,Французька,1961,author34@library.ua
Серце 186,Психологія,176.85,205,Поліщук Олена,Польська,1959,author35@library.ua
Код 187,Наукова фантастика,559.97,50,Ткаченко Василь,Японська,1994,author36@library.ua
Вогонь 188,Біографія,310.54,88,Кравченко Тетяна,Американська,1978,author37@library.ua
Голос 189,Поезія,870.59,132,Гончаренко Андрій,Британська,1940,author38@library.ua
Місто 190,Психологія,207.52,370,Савченко Наталія,Німецька,1982,author39@library.ua
Легенда про 191,Біографія,1129.24,17,Коваленко Олег,Британська,1950,author40@library.ua
Повернення 192,Історичний роман,79.11,102,Шевченко Марія,Британська,1976,author41@library.ua
Забутий 193,Жахи,535.48,184,Бондаренко Іван,Німецька,1965,author42@library.ua
Нічний 194,Поезія,1115.25,462,Мельник Анна,Японська,1982,author43@library.ua
Крила 195,Романтика,734.14,281,Лисенко Петро,Українська,1993,author44@library.ua
Острів 196,Психологія,874.71,222,Поліщук Олена,Німецька,1949,author45@library.ua
Межа 197,Романтика,484.39,159,Ткаченко Василь,Польська,1950,author46@library.ua
Дзеркало 198,Детектив,803.85,54,Кравченко Тетяна,Німецька,1941,author47@library.ua
Сон 199,Наукова фантастика,731.89,490,Гончаренко Андрій,Японська,1945,author48@library.ua
Рівновага 200,Жахи,121.2,57,Савченко Наталія,Американська,1966,author49@library.ua
Таємниця 201,Фантастика,239.16,19,Коваленко Олег,Українська,1960,author0@library.ua
Останній 202,Фантастика,1082.97,290,Шевченко Марія,Французька,1951,author1@library.ua
Зоряний 203,Біографія,895.24,468,Бондаренко Іван,Німецька,1980,author2@library.ua
Пригоди 204,Детектив,1000.69,461,Мельник Анна,Американська,1966,author3@library.ua
Тінь 205,Фантастика,148.79,72,Лисенко Петро,Українська,1986,author4@library.ua
Серце 206,Жахи,869.69,411,Поліщук Олена,Українська,1969,author5@library.ua
Код 207,Детектив,1058.65,293,Ткаченко Василь,Американська,1955,author6@library.ua
Вогонь 208,Фантастика,1124.0,357,Кравченко Тетяна,Японська,1976,author7@library.ua
Голос 209,Поезія,661.63,40,Гончаренко Андрій,Британська,1975,author8@library.ua
Місто 210,Психологія,978.13,153,Савченко Наталія,Американська,1965,author9@library.ua
Легенда про 211,Біографія,678.88,203,Коваленко Олег,Британська,1941,author10@library.ua
Повернення 212,Історичний роман,919.41,432,Шевченко Марія,Польська,1992,author11@library.ua
Забутий 213,Жахи,187.81,446,Бондаренко Іван,Британська,1963,author12@library.ua
Нічний 214,Психологія,344.4,443,Мельник Анна,Українська,1940,author13@library.ua
Крила 215,Психологія,335.55,306,Лисенко Петро,Британська,1987,author14@library.ua
Острів 216,Біографія,58.3,105,Поліщук Олена,Японська,1976,author15@library.ua
Межа 217,Поезія,778.93,201,Ткаченко Василь,Французька,1956,author16@library.ua
Дзеркало 218,Наукова фантастика,734.07,17,Кравченко Тетяна,Американська,1976,author17@library.ua
Сон 219,Детектив,248.55,270,Гончаренко Андрій,Японська,1980,author18@library.ua
Рівновага 220,Жахи,828.12,263,Савченко Наталія,Французька,1970,author19@library.ua
Таємниця 221,Романтика,988.62,360,Коваленко Олег,Британська,1944,author20@library.ua
Останній 222,Психологія,324.0,113,Шевченко Марія,Британська,1982,author21@library.ua
Зоряний 223,Пригоди,535.91,119,Бондаренко Іван,Українська,1962,author22@library.ua
Пригоди 224,Детектив,50.95,36,Мельник Анна,Американська,1994,author23@library.ua
Тінь 225,Фантастика,757.46,162,Лисенко Петро,Німецька,1991,author24@library.ua
Серце 226,Детектив,225.29,123,Поліщук Олена,Французька,1949,author25@library.ua
Код 227,Романтика,991.7,497,Ткаченко Василь,Польська,1945,author26@library.ua
Вогонь 228,Наукова фантастика,443.29,414,Кравченко Тетяна,Німецька,1961,author27@library.ua
Голос 229,Жахи,951.21,1,Гончаренко Андрій,Американська,1958,author28@library.ua
Місто 230,Романтика,181.8,160,Савченко Наталія,Німецька,1979,author29@library.ua
Легенда про 231,Романтика,398.45,124,Коваленко Олег,Німецька,1986,author30@library.ua
Повернення 232,Поезія,327.4,104,Шевченко Марія,Британська,1941,author31@library.ua
Забутий 233,Пригоди,987.47,334,Бондаренко Іван,Польська,1988,author32@library.ua
Нічний 234,Жахи,66.97,11,Мельник Анна,Українська,1953,author33@library.ua
Крила 235,Фантастика,87.96,14,Лисенко Петро,Французька,1961,author34@library.ua
Острів 236,Пригоди,1126.48,237,Поліщук Олена,Польська,1959,author35@library.ua
Межа 237,Жахи,736.17,164,Ткаченко Василь,Японська,1994,author36@library.ua
Дзеркало 238,Романтика,565.9,133,Кравченко Тетяна,Американська,1978,author37@library.ua
Сон 239,Пригоди,647.79,442,Гончаренко Андрій,Британська,1940,author38@library.ua
Рівновага 240,Біографія,348.3,288,Савченко Наталія,Німецька,1982,author39@library.ua
Таємниця 241,Біографія,1038.31,400,Коваленко Олег,Британська,1950,author40@library.ua
Останній 242,Жахи,633.33,483,Шевченко Марія,Британська,1976,author41@library.ua
Зоряний 243,Біографія,87.48,326,Бондаренко Іван,Німецька,1965,author42@library.ua
Пригоди 244,Психологія,379.31,217,Мельник Анна,Японська,1982,author43@library.ua
Тінь 245,Фантастика,716.97,335,Лисенко Петро,Українська,1993,author44@library.ua
Серце 246,Історичний роман,855.77,362,Поліщук Олена,Німецька,1949,author45@library.ua
Код 247,Наукова фантастика,297.35,448,Ткаченко Василь,Польська,1950,author46@library.ua
Вогонь 248,Романтика,1161.71,136,Кравченко Тетяна,Німецька,1941,author47@library.ua
Голос 249,Жахи,1101.87,76,Гончаренко Андрій,Японська,1945,author48@library.ua
Місто 250,Психологія,872.44,66,Савченко Наталія,Американська,1966,author49@library.ua
Легенда про 251,Фантастика,631.11,15,Коваленко Олег,Українська,1960,author0@library.ua
Повернення 252,Біографія,470.33,382,Шевченко Марія,Французька,1951,author1@library.ua
Забутий 253,Психологія,443.25,8,Бондаренко Іван,Німецька,1980,author2@library.ua
Нічний 254,Поезія,1050.63,424,Мельник Анна,Американська,1966,author3@library.ua
Крила 255,Жахи,731.54,288,Лисенко Петро,Українська,1986,author4@library.ua
Острів 256,Детектив,297.91,385,Поліщук Олена,Українська,1969,author5@library.ua
Межа 257,Пригоди,322.45,73,Ткаченко Василь,Американська,1955,author6@library.ua
Дзеркало 258,Історичний роман,238.61,4,Кравченко Тетяна,Японська,1976,author7@library.ua
Сон 259,Наукова фантастика,424.25,275,Гончаренко Андрій,Британська,1975,author8@library.ua
Рівновага 260,Наукова фантастика,839.98,25,Савченко Наталія,Американська,1965,author9@library.ua
Таємниця 261,Жахи,191.17,332,Коваленко Олег,Британська,1941,author10@library.ua
Останній 262,Поезія,424.67,111,Шевченко Марія,Польська,1992,author11@library.ua
Зоряний 263,Поезія,911.04,202,Бондаренко Іван,Британська,1963,author12@library.ua
Пригоди 264,Детектив,660.03,389,Мельник Анна,Українська,1940,author13@library.ua
Тінь 265,Історичний роман,811.48,354,Лисенко Петро,Британська,1987,author14@library.ua
Серце 266,Пригоди,750.95,288,Поліщук Олена,Японська,1976,author15@library.ua
Код 267,Детектив,508.85,397,Ткаченко Василь,Французька,1956,author16@library.ua
Вогонь 268,Наукова фантастика,640.76,284,Кравченко Тетяна,Американська,1976,author17@library.ua
Голос 269,Фантастика,175.29,480,Гончаренко Андрій,Японська,1980,author18@library.ua
Місто 270,Жахи,539.34,161,Савченко Наталія,Французька,1970,author19@library.ua
Легенда про 271,Детектив,555.08,280,Коваленко Олег,Британська,1944,author20@library.ua
Повернення 272,Історичний роман,638.19,148,Шевченко Марія,Британська,1982,author21@library.ua
Забутий 273,Наукова фантастика,206.27,218,Бондаренко Іван,Українська,1962,author22@library.ua
Нічний 274,Поезія,731.56,154,Мельник Анна,Американська,1994,author23@library.ua
Крила 275,Детектив,572.6,232,Лисенко Петро,Німецька,1991,author24@library.ua
Острів 276,Жахи,385.78,407,Поліщук Олена,Французька,1949,author25@library.ua
Межа 277,Жахи,713.54,338,Ткаченко Василь,Польська,1945,author26@library.ua
Дзеркало 278,Історичний роман,759.05,258,Кравченко Тетяна,Німецька,1961,author27@library.ua
Сон 279,Фантастика,512.23,61,Гончаренко Андрій,Американська,1958,author28@library.ua
Рівновага 280,Наукова фантастика,569.11,81,Савченко Наталія,Німецька,1979,author29@library.ua
Таємниця 281,Історичний роман,1000.3,358,Коваленко Олег,Німецька,1986,author30@library.ua
Останній 282,Наукова фантастика,959.05,9,Шевченко Марія,Британська,1941,author31@library.ua
Зоряний 283,Романтика,687.36,347,Бондаренко Іван,Польська,1988,author32@library.ua
Пригоди 284,Психологія,866.54,413,Мельник Анна,Українська,1953,author33@library.ua
Тінь 285,Пригоди,982.3,338,Лисенко Петро,Французька,1961,author34@library.ua
Серце 286,Історичний роман,427.22,333,Поліщук Олена,Польська,1959,author35@library.ua
Код 287,Історичний роман,447.0,455,Ткаченко Василь,Японська,1994,author36@library.ua
Вогонь 288,Наукова фантастика,621.65,441,Кравченко Тетяна,Американська,1978,author37@library.ua
Голос 289,Фантастика,217.48,403,Гончаренко Андрій,Британська,1940,author38@library.ua
Місто 290,Детектив,252.83,379,Савченко Наталія,Німецька,1982,author39@library.ua
Легенда про 291,Фантастика,257.68,261,Коваленко Олег,Британська,1950,author40@library.ua
Повернення 292,Біографія,1053.53,43,Шевченко Марія,Британська,1976,author41@library.ua
Забутий 293,Поезія,81.54,24,Бондаренко Іван,Німецька,1965,author42@library.ua
Нічний 294,Детектив,249.26,374,Мельник Анна,Японська,1982,author43@library.ua
Крила 295,Наукова фантастика,106.41,348,Лисенко Петро,Українська,1993,author44@library.ua
Острів 296,Історичний роман,1161.51,273,Поліщук Олена,Німецька,1949,author45@library.ua
Межа 297,Романтика,932.4,31,Ткаченко Василь,Польська,1950,author46@library.ua
Дзеркало 298,Пригоди,535.39,363,Кравченко Тетяна,Німецька,1941,author47@library.ua
Сон 299,Психологія,117.78,270,Гончаренко Андрій,Японська,1945,author48@library.ua
Рівновага 300,Біографія,310.61,292,Савченко Наталія,Американська,1966,author49@library.ua
Таємниця 301,Поезія,254.49,495,Коваленко Олег,Українська,1960,author0@library.ua
Останній 302,Поезія,134.12,172,Шевченко Марія,Французька,1951,author1@library.ua
Зоряний 303,Поезія,1155.61,282,Бондаренко Іван,Німецька,1980,author2@library.ua
Пригоди 304,Поезія,100.36,87,Мельник Анна,Американська,1966,author3@library.ua
Тінь 305,Пригоди,616.47,370,Лисенко Петро,Українська,1986,author4@library.ua
Серце 306,Романтика,914.28,398,Поліщук Олена,Українська,1969,author5@library.ua
Код 307,Романтика,1198.88,243,Ткаченко Василь,Американська,1955,author6@library.ua
Вогонь 308,Жахи,439.86,43,Кравченко Тетяна,Японська,1976,author7@library.ua
Голос 309,Жахи,84.73,241,Гончаренко Андрій,Британська,1975,author8@library.ua
Місто 310,Наукова фантастика,589.95,293,Савченко Наталія,Американська,1965,author9@library.ua
Легенда про 311,Романтика,647.44,386,Коваленко Олег,Британська,1941,author10@library.ua
Повернення 312,Біографія,923.73,214,Шевченко Марія,Польська,1992,author11@library.ua
Забутий 313,Біографія,717.39,30,Бондаренко Іван,Британська,1963,author12@library.ua
Нічний 314,Романтика,1093.68,68,Мельник Анна,Українська,1940,author13@library.ua
Крила 315,Наукова фантастика,687.45,469,Лисенко Петро,Британська,1987,author14@library.ua
Острів 316,Біографія,1118.42,2,Поліщук Олена,Японська,1976,author15@library.ua
Межа 317,Романтика,596.08,473,Ткаченко Василь,Французька,1956,author16@library.ua
Дзеркало 318,Фантастика,558.22,224,Кравченко Тетяна,Американська,1976,author17@library.ua
Сон 319,Детектив,805.06,93,Гончаренко Андрій,Японська,1980,author18@library.ua
Рівновага 320,Психологія,535.45,113,Савченко Наталія,Французька,1970,author19@library.ua
Таємниця 321,Детектив,265.95,49,Коваленко Олег,Британська,1944,author20@library.ua
Останній 322,Фантастика,912.92,335,Шевченко Марія,Британська,1982,author21@library.ua
Зоряний 323,Романтика,506.9,290,Бондаренко Іван,Українська,1962,author22@library.ua
Пригоди 324,Жахи,377.5,277,Мельник Анна,Американська,1994,author23@library.ua
Тінь 325,Жахи,195.83,438,Лисенко Петро,Німецька,1991,author24@library.ua
Серце 326,Детектив,525.37,226,Поліщук Олена,Французька,1949,author25@library.ua
Код 327,Поезія,453.94,183,Ткаченко Василь,Польська,1945,author26@library.ua
Вогонь 328,Історичний роман,981.12,34,Кравченко Тетяна,Німецька,1961,author27@library.ua
Голос 329,Поезія,857.44,200,Гончаренко Андрій,Американська,1958,author28@library.ua
Місто 330,Історичний роман,1101.4,82,Савченко Наталія,Німецька,1979,author29@library.ua
Легенда про 331,Детектив,1019.26,125,Коваленко Олег,Німецька,1986,author30@library.ua
Повернення 332,Пригоди,56.51,451,Шевченко Марія,Британська,1941,author31@library.ua
Забутий 333,Пригоди,1075.91,252,Бондаренко Іван,Польська,1988,author32@library.ua
Нічний 334,Наукова фантастика,452.81,432,Мельник Анна,Українська,1953,author33@library.ua
Крила 335,Поезія,520.85,284,Лисенко Петро,Французька,1961,author34@library.ua
Острів 336,Романтика,103.19,351,Поліщук Олена,Польська,1959,author35@library.ua
Межа 337,Психологія,488.98,45,Ткаченко Василь,Японська,1994,author36@library.ua
Дзеркало 338,Поезія,822.58,191,Кравченко Тетяна,Американська,1978,author37@library.ua
Сон 339,Біографія,1029.41,126,Гончаренко Андрій,Британська,1940,author38@library.ua
Рівновага 340,Романтика,730.2,334,Савченко Наталія,Німецька,1982,author39@library.ua
Таємниця 341,Жахи,1146.53,76,Коваленко Олег,Британська,1950,author40@library.ua
Останній 342,Поезія,143.94,438,Шевченко Марія,Британська,1976,author41@library.ua
Зоряний 343,Жахи,1070.61,153,Бондаренко Іван,Німецька,1965,author42@library.ua
Пригоди 344,Наукова фантастика,171.01,398,Мельник Анна,Японська,1982,author43@library.ua
Тінь 345,Фантастика,877.85,248,Лисенко Петро,Українська,1993,author44@library.ua
Серце 346,Романтика,680.68,123,Поліщук Олена,Німецька,1949,author45@library.ua
Код 347,Романтика,518.28,191,Ткаченко Василь,Польська,1950,author46@library.ua
Вогонь 348,Історичний роман,881.59,288,Кравченко Тетяна,Німецька,1941,author47@library.ua
Голос 349,Історичний роман,745.38,489,Гончаренко Андрій,Японська,1945,author48@library.ua
Місто 350,Романтика,411.87,37,Савченко Наталія,Американська,1966,author49@library.ua
Легенда про 351,Пригоди,800.92,255,Коваленко Олег,Українська,1960,author0@library.ua
Повернення 352,Наукова фантастика,1173.4,16,Шевченко Марія,Французька,1951,author1@library.ua
Забутий 353,Біографія,1098.09,242,Бондаренко Іван,Німецька,1980,author2@library.ua
Нічний 354,Жахи,430.97,252,Мельник Анна,Американська,1966,author3@library.ua
Крила 355,Біографія,372.79,228,Лисенко Петро,Українська,1986,author4@library.ua
Острів 356,Детектив,1010.17,31,Поліщук Олена,Українська,1969,author5@library.ua
Межа 357,Біографія,1037.12,205,Ткаченко Василь,Американська,1955,author6@library.ua
Дзеркало 358,Поезія,360.65,209,Кравченко Тетяна,Японська,1976,author7@library.ua
Сон 359,Фантастика,426.77,108,Гончаренко Андрій,Британська,1975,author8@library.ua
Рівновага 360,Психологія,1118.91,78,Савченко Наталія,Американська,1965,author9@library.ua
Таємниця 361,Детектив,161.24,60,Коваленко Олег,Британська,1941,author10@library.ua
Останній 362,Пригоди,278.82,447,Шевченко Марія,Польська,1992,author11@library.ua
Зоряний 363,Романтика,266.1,180,Бондаренко Іван,Британська,1963,author12@library.ua
Пригоди 364,Наукова фантастика,279.22,292,Мельник Анна,Українська,1940,author13@library.ua
Тінь 365,Пригоди,541.6,155,Лисенко Петро,Британська,1987,author14@library.ua
Серце 366,Психологія,692.0,137,Поліщук Олена,Японська,1976,author15@library.ua
Код 367,Психологія,697.72,38,Ткаченко Василь,Французька,1956,author16@library.ua
Вогонь 368,Біографія,997.17,70,Кравченко Тетяна,Американська,1976,author17@library.ua
Голос 369,Наукова фантастика,964.3,69,Гончаренко Андрій,Японська,1980,author18@library.ua
Місто 370,Пригоди,538.43,144,Савченко Наталія,Французька,1970,author19@library.ua
Легенда про 371,Жахи,68.25,428,Коваленко Олег,Британська,1944,author20@library.ua
Повернення 372,Біографія,844.46,355,Шевченко Марія,Британська,1982,author21@library.ua
Забутий 373,Пригоди,1007.23,107,Бондаренко Іван,Українська,1962,author22@library.ua
Нічний 374,Наукова фантастика,223.88,41,Мельник Анна,Американська,1994,author23@library.ua
Крила 375,Наукова фантастика,546.5,126,Лисенко Петро,Німецька,1991,author24@library.ua
Острів 376,Детектив,1011.94,118,Поліщук Олена,Французька,1949,author25@library.ua
Межа 377,Психологія,760.92,387,Ткаченко Василь,Польська,1945,author26@library.ua
Дзеркало 378,Пригоди,1024.33,247,Кравченко Тетяна,Німецька,1961,author27@library.ua
Сон 379,Психологія,885.88,442,Гончаренко Андрій,Американська,1958,author28@library.ua
Рівновага 380,Наукова фантастика,1035.99,26,Савченко Наталія,Німецька,1979,author29@library.ua
Таємниця 381,Наукова фантастика,1039.42,119,Коваленко Олег,Німецька,1986,author30@library.ua
Останній 382,Фантастика,233.7,256,Шевченко Марія,Британська,1941,author31@library.ua
Зоряний 383,Наукова фантастика,84.8,16,Бондаренко Іван,Польська,1988,author32@library.ua
Пригоди 384,Жахи,713.41,55,Мельник Анна,Українська,1953,author33@library.ua
Тінь 385,Історичний роман,361.46,26,Лисенко Петро,Французька,1961,author34@library.ua
Серце 386,Жахи,625.49,433,Поліщук Олена,Польська,1959,author35@library.ua
Код 387,Поезія,836.83,16,Ткаченко Василь,Японська,1994,author36@library.ua
Вогонь 388,Романтика,624.44,187,Кравченко Тетяна,Американська,1978,author37@library.ua
Голос 389,Історичний роман,1139.71,382,Гончаренко Андрій,Британська,1940,author38@library.ua
Місто 390,Психологія,526.13,253,Савченко Наталія,Німецька,1982,author39@library.ua
Легенда про 391,Детектив,363.88,407,Коваленко Олег,Британська,1950,author40@library.ua
Повернення 392,Психологія,264.63,143,Шевченко Марія,Британська,1976,author41@library.ua
Забутий 393,Психологія,964.11,288,Бондаренко Іван,Німецька,1965,author42@library.ua
Нічний 394,Наукова фантастика,403.71,445,Мельник Анна,Японська,1982,author43@library.ua
Крила 395,Історичний роман,791.39,265,Лисенко Петро,Українська,1993,author44@library.ua
Острів 396,Жахи,211.42,261,Поліщук Олена,Німецька,1949,author45@library.ua
Межа 397,Історичний роман,767.61,180,Ткаченко Василь,Польська,1950,author46@library.ua
Дзеркало 398,Біографія,828.65,240,Кравченко Тетяна,Німецька,1941,author47@library.ua
Сон 399,Фантастика,828.24,290,Гончаренко Андрій,Японська,1945,author48@library.ua
Рівновага 400,Біографія,252.3,166,Савченко Наталія,Американська,1966,author49@library.ua
Таємниця 401,Романтика,893.51,178,Коваленко Олег,Українська,1960,author0@library.ua
Останній 402,Романтика,1028.17,368,Шевченко Марія,Французька,1951,author1@library.ua
Зоряний 403,Фантастика,1123.91,127,Бондаренко Іван,Німецька,1980,author2@library.ua
Пригоди 404,Жахи,962.43,154,Мельник Анна,Американська,1966,author3@library.ua
Тінь 405,Наукова фантастика,1168.32,303,Лисенко Петро,Українська,1986,author4@library.ua
Серце 406,Історичний роман,646.06,272,Поліщук Олена,Українська,1969,author5@library.ua
Код 407,Пригоди,857.11,289,Ткаченко Василь,Американська,1955,author6@library.ua
Вогонь 408,Пригоди,927.35,111,Кравченко Тетяна,Японська,1976,author7@library.ua
Голос 409,Поезія,58.36,424,Гончаренко Андрій,Британська,1975,author8@library.ua
Місто 410,Пригоди,850.09,408,Савченко Наталія,Американська,1965,author9@library.ua
Легенда про 411,Наукова фантастика,108.77,316,Коваленко Олег,Британська,1941,author10@library.ua
Повернення 412,Поезія,199.56,496,Шевченко Марія,Польська,1992,author11@library.ua
Забутий 413,Жахи,192.0,211,Бондаренко Іван,Британська,1963,author12@library.ua
Нічний 414,Наукова фантастика,648.49,356,Мельник Анна,Українська,1940,author13@library.ua
Крила 415,Поезія,380.85,353,Лисенко Петро,Британська,1987,author14@library.ua
Острів 416,Наукова фантастика,638.0,267,Поліщук Олена,Японська,1976,author15@library.ua
Межа 417,Фантастика,573.58,122,Ткаченко Василь,Французька,1956,author16@library.ua
Дзеркало 418,Фантастика,402.48,271,Кравченко Тетяна,Американська,1976,author17@library.ua
Сон 419,Детектив,972.96,353,Гончаренко Андрій,Японська,1980,author18@library.ua
Рівновага 420,Пригоди,967.87,396,Савченко Наталія,Французька,1970,author19@library.ua
Таємниця 421,Фантастика,1089.33,411,Коваленко Олег,Британська,1944,author20@library.ua
Останній 422,Біографія,614.08,276,Шевченко Марія,Британська,1982,author21@library.ua
Зоряний 423,Психологія,58.96,277,Бондаренко Іван,Українська,1962,author22@library.ua
Пригоди 424,Біографія,541.51,432,Мельник Анна,Американська,1994,author23@library.ua
Тінь 425,Романтика,387.77,273,Лисенко Петро,Німецька,1991,author24@library.ua
Серце 426,Фантастика,413.79,474,Поліщук Олена,Французька,1949,author25@library.ua
Код 427,Поезія,1035.3,473,Ткаченко Василь,Польська,1945,author26@library.ua
Вогонь 428,Романтика,1107.06,144,Кравченко Тетяна,Німецька,1961,author27@library.ua
Голос 429,Поезія,310.55,320,Гончаренко Андрій,Американська,1958,author28@library.ua
Місто 430,Детектив,373.34,155,Савченко Наталія,Німецька,1979,author29@library.ua
Легенда про 431,Пригоди,1170.93,281,Коваленко Олег,Німецька,1986,author30@library.ua
Повернення 432,Фантастика,250.31,451,Шевченко Марія,Британська,1941,author31@library.ua
Забутий 433,Поезія,855.14,303,Бондаренко Іван,Польська,1988,author32@library.ua
Нічний 434,Психологія,306.24,481,Мельник Анна,Українська,1953,author33@library.ua
Крила 435,Психологія,184.13,353,Лисенко Петро,Французька,1961,author34@library.ua
Острів 436,Історичний роман,273.81,147,Поліщук Олена,Польська,1959,author35@library.ua
Межа 437,Фантастика,122.89,167,Ткаченко Василь,Японська,1994,author36@library.ua
Дзеркало 438,Жахи,109.78,3,Кравченко Тетяна,Американська,1978,author37@library.ua
Сон 439,Жахи,340.62,7,Гончаренко Андрій,Британська,1940,author38@library.ua
Рівновага 440,Психологія,1149.66,51,Савченко Наталія,Німецька,1982,author39@library.ua
Таємниця 441,Детектив,649.96,254,Коваленко Олег,Британська,1950,author40@library.ua
Останній 442,Наукова фантастика,550.1,499,Шевченко Марія,Британська,1976,author41@library.ua
Зоряний 443,Пригоди,648.39,86,Бондаренко Іван,Німецька,1965,author42@library.ua
Пригоди 444,Пригоди,791.3,499,Мельник Анна,Японська,1982,author43@library.ua
Тінь 445,Наукова фантастика,536.18,446,Лисенко Петро,Українська,1993,author44@library.ua
Серце 446,Детектив,855.95,468,Поліщук Олена,Німецька,1949,author45@library.ua
Код 447,Поезія,593.3,348,Ткаченко Василь,Польська,1950,author46@library.ua
Вогонь 448,Історичний роман,1184.3,328,Кравченко Тетяна,Німецька,1941,author47@library.ua
Голос 449,Біографія,1019.23,264,Гончаренко Андрій,Японська,1945,author48@library.ua
Місто 450,Поезія,954.59,380,Савченко Наталія,Американська,1966,author49@library.ua
Легенда про 451,Психологія,699.91,489,Коваленко Олег,Українська,1960,author0@library.ua
Повернення 452,Детектив,530.33,62,Шевченко Марія,Французька,1951,author1@library.ua
Забутий 453,Жахи,599.2,329,Бондаренко Іван,Німецька,1980,author2@library.ua
Нічний 454,Пригоди,66.44,340,Мельник Анна,Американська,1966,author3@library.ua
Крила 455,Історичний роман,1076.67,461,Лисенко Петро,Українська,1986,author4@library.ua
Острів 456,Детектив,333.37,288,Поліщук Олена,Українська,1969,author5@library.ua
Межа 457,Наукова фантастика,1078.39,68,Ткаченко Василь,Американська,1955,author6@library.ua
Дзеркало 458,Детектив,906.39,60,Кравченко Тетяна,Японська,1976,author7@library.ua
Сон 459,Поезія,740.52,162,Гончаренко Андрій,Британська,1975,author8@library.ua
Рівновага 460,Жахи,1105.95,473,Савченко Наталія,Американська,1965,author9@library.ua
Таємниця 461,Жахи,104.43,85,Коваленко Олег,Британська,1941,author10@library.ua
Останній 462,Біографія,144.43,7,Шевченко Марія,Польська,1992,author11@library.ua
Зоряний 463,Пригоди,874.75,315,Бондаренко Іван,Британська,1963,author12@library.ua
Пригоди 464,Біографія,346.2,200,Мельник Анна,Українська,1940,author13@library.ua
Тінь 465,Жахи,226.18,263,Лисенко Петро,Британська,1987,author14@library.ua
Серце 466,Детектив,647.67,121,Поліщук Олена,Японська,1976,author15@library.ua
Код 467,Історичний роман,986.73,118,Ткаченко Василь,Французька,1956,author16@library.ua
Вогонь 468,Поезія,907.76,233,Кравченко Тетяна,Американська,1976,author17@library.ua
Голос 469,Жахи,861.32,126,Гончаренко Андрій,Японська,1980,author18@library.ua
Місто 470,Історичний роман,865.91,469,Савченко Наталія,Французька,1970,author19@library.ua
Легенда про 471,Детектив,1198.22,473,Коваленко Олег,Британська,1944,author20@library.ua
Повернення 472,Жахи,330.12,296,Шевченко Марія,Британська,1982,author21@library.ua
Забутий 473,Фантастика,899.07,123,Бондаренко Іван,Українська,1962,author22@library.ua
Нічний 474,Наукова фантастика,261.52,359,Мельник Анна,Американська,1994,author23@library.ua
Крила 475,Біографія,318.08,31,Лисенко Петро,Німецька,1991,author24@library.ua
Острів 476,Історичний роман,184.81,129,Поліщук Олена,Французька,1949,author25@library.ua
Межа 477,Детектив,468.86,149,Ткаченко Василь,Польська,1945,author26@library.ua
Дзеркало 478,Психологія,624.69,141,Кравченко Тетяна,Німецька,1961,author27@library.ua
Сон 479,Пригоди,80.69,418,Гончаренко Андрій,Американська,1958,author28@library.ua
Рівновага 480,Психологія,66.52,350,Савченко Наталія,Німецька,1979,author29@library.ua
Таємниця 481,Психологія,572.9,11,Коваленко Олег,Німецька,1986,author30@library.ua
Останній 482,Наукова фантастика,535.52,249,Шевченко Марія,Британська,1941,author31@library.ua
Зоряний 483,Детектив,915.12,205,Бондаренко Іван,Польська,1988,author32@library.ua
Пригоди 484,Фантастика,289.43,174,Мельник Анна,Українська,1953,author33@library.ua
Тінь 485,Поезія,170.12,327,Лисенко Петро,Французька,1961,author34@library.ua
Серце 486,Історичний роман,867.19,271,Поліщук Олена,Польська,1959,author35@library.ua
Код 487,Пригоди,94.55,378,Ткаченко Василь,Японська,1994,author36@library.ua
Вогонь 488,Пригоди,1035.62,263,Кравченко Тетяна,Американська,1978,author37@library.ua
Голос 489,Наукова фантастика,1041.65,301,Гончаренко Андрій,Британська,1940,author38@library.ua
Місто 490,Наукова фантастика,839.6,142,Савченко Наталія,Німецька,1982,author39@library.ua
Легенда про 491,Біографія,1100.43,113,Коваленко Олег,Британська,1950,author40@library.ua
Повернення 492,Біографія,519.77,499,Шевченко Марія,Британська,1976,author41@library.ua
Забутий 493,Романтика,79.03,17,Бондаренко Іван,Німецька,1965,author42@library.ua
Нічний 494,Поезія,616.71,286,Мельник Анна,Японська,1982,author43@library.ua
Крила 495,Наукова фантастика,984.06,79,Лисенко Петро,Українська,1993,author44@library.ua
Острів 496,Біографія,723.17,259,Поліщук Олена,Німецька,1949,author45@library.ua
Межа 497,Фантастика,572.44,379,Ткаченко Василь,Польська,1950,author46@library.ua
Дзеркало 498,Пригоди,306.82,33,Кравченко Тетяна,Німецька,1941,author47@library.ua
Сон 499,Детектив,754.81,250,Гончаренко Андрій,Японська,1945,author48@library.ua
Рівновага 500,Наукова фантастика,518.95,388,Савченко Наталія,Американська,1966,author49@library.ua
Таємниця 501,Поезія,1155.94,226,Коваленко Олег,Українська,1960,author0@library.ua
Останній 502,Фантастика,680.47,81,Шевченко Марія,Французька,1951,author1@library.ua
Зоряний 503,Біографія,935.77,123,Бондаренко Іван,Німецька,1980,author2@library.ua
Пригоди 504,Фантастика,385.4,301,Мельник Анна,Американська,1966,author3@library.ua
Тінь 505,Детектив,227.58,342,Лисенко Петро,Українська,1986,author4@library.ua
Серце 506,Пригоди,468.76,98,Поліщук Олена,Українська,1969,author5@library.ua
Код 507,Поезія,1181.68,355,Ткаченко Василь,Американська,1955,author6@library.ua
Вогонь 508,Психологія,1102.0,56,Кравченко Тетяна,Японська,1976,author7@library.ua
Голос 509,Біографія,1148.42,97,Гончаренко Андрій,Британська,1975,author8@library.ua
Місто 510,Психологія,500.79,316,Савченко Наталія,Американська,1965,author9@library.ua
Легенда про 511,Біографія,672.38,111,Коваленко Олег,Британська,1941,author10@library.ua
Повернення 512,Психологія,484.33,345,Шевченко Марія,Польська,1992,author11@library.ua
Забутий 513,Історичний роман,443.81,67,Бондаренко Іван,Британська,1963,author12@library.ua
Нічний 514,Наукова фантастика,232.78,244,Мельник Анна,Українська,1940,author13@library.ua
Крила 515,Історичний роман,854.19,118,Лисенко Петро,Британська,1987,author14@library.ua
Острів 516,Наукова фантастика,725.13,482,Поліщук Олена,Японська,1976,author15@library.ua
Межа 517,Психологія,314.99,364,Ткаченко Василь,Французька,1956,author16@library.ua
Дзеркало 518,Психологія,1135.67,51,Кравченко Тетяна,Американська,1976,author17@library.ua
Сон 519,Жахи,114.06,226,Гончаренко Андрій,Японська,1980,author18@library.ua
Рівновага 520,Поезія,189.12,128,Савченко Наталія,Французька,1970,author19@library.ua
Таємниця 521,Детектив,712.48,34,Коваленко Олег,Британська,1944,author20@library.ua
Останній 522,Фантастика,99.94,395,Шевченко Марія,Британська,1982,author21@library.ua
Зоряний 523,Історичний роман,162.64,317,Бондаренко Іван,Українська,1962,author22@library.ua
Пригоди 524,Фантастика,245.76,223,Мельник Анна,Американська,1994,author23@library.ua
Тінь 525,Романтика,846.81,74,Лисенко Петро,Німецька,1991,author24@library.ua
Серце 526,Пригоди,70.92,101,Поліщук Олена,Французька,1949,author25@library.ua
Код 527,Пригоди,168.64,211,Ткаченко Василь,Польська,1945,author26@library.ua
Вогонь 528,Детектив,442.36,439,Кравченко Тетяна,Німецька,1961,author27@library.ua
Голос 529,Фантастика,925.9,411,Гончаренко Андрій,Американська,1958,author28@library.ua
Місто 530,Пригоди,406.65,370,Савченко Наталія,Німецька,1979,author29@library.ua
Легенда про 531,Пригоди,1025.48,238,Коваленко Олег,Німецька,1986,author30@library.ua
Повернення 532,Історичний роман,138.26,267,Шевченко Марія,Британська,1941,author31@library.ua
Забутий 533,Біографія,382.57,421,Бондаренко Іван,Польська,1988,author32@library.ua
Нічний 534,Історичний роман,569.81,21,Мельник Анна,Українська,1953,author33@library.ua
Крила 535,Романтика,111.42,116,Лисенко Петро,Французька,1961,author34@library.ua
Острів 536,Романтика,566.31,347,Поліщук Олена,Польська,1959,author35@library.ua
Межа 537,Фантастика,907.22,388,Ткаченко Василь,Японська,1994,author36@library.ua
Дзеркало 538,Пригоди,384.62,262,Кравченко Тетяна,Американська,1978,author37@library.ua
Сон 539,Детектив,818.65,149,Гончаренко Андрій,Британська,1940,author38@library.ua
Рівновага 540,Фантастика,560.02,288,Савченко Наталія,Німецька,1982,author39@library.ua
Таємниця 541,Фантастика,597.26,15,Коваленко Олег,Британська,1950,author40@library.ua
Останній 542,Детектив,250.36,353,Шевченко Марія,Британська,1976,author41@library.ua
Зоряний 543,Поезія,404.54,65,Бондаренко Іван,Німецька,1965,author42@library.ua
Пригоди 544,Біографія,318.37,229,Мельник Анна,Японська,1982,author43@library.ua
Тінь 545,Фантастика,1114.62,184,Лисенко Петро,Українська,1993,author44@library.ua
Серце 546,Детектив,1130.28,322,Поліщук Олена,Німецька,1949,author45@library.ua
Код 547,Детектив,471.97,433,Ткаченко Василь,Польська,1950,author46@library.ua
Вогонь 548,Психологія,1118.36,232,Кравченко Тетяна,Німецька,1941,author47@library.ua
Голос 549,Детектив,973.1,206,Гончаренко Андрій,Японська,1945,author48@library.ua
Місто 550,Пригоди,279.83,328,Савченко Наталія,Американська,1966,author49@library.ua
Легенда про 551,Психологія,186.46,303,Коваленко Олег,Українська,1960,author0@library.ua
Повернення 552,Поезія,356.16,148,Шевченко Марія,Французька,1951,author1@library.ua
Забутий 553,Пригоди,312.35,233,Бондаренко Іван,Німецька,1980,author2@library.ua
Нічний 554,Пригоди,593.6,284,Мельник Анна,Американська,1966,author3@library.ua
Крила 555,Детектив,644.23,248,Лисенко Петро,Українська,1986,author4@library.ua
Острів 556,Детектив,173.4,453,Поліщук Олена,Українська,1969,author5@library.ua
Межа 557,Поезія,376.08,255,Ткаченко Василь,Американська,1955,author6@library.ua
Дзеркало 558,Історичний роман,165.93,308,Кравченко Тетяна,Японська,1976,author7@library.ua
Сон 559,Поезія,689.86,355,Гончаренко Андрій,Британська,1975,author8@library.ua
Рівновага 560,Романтика,1049.39,102,Савченко Наталія,Американська,1965,author9@library.ua
Таємниця 561,Жахи,167.7,342,Коваленко Олег,Британська,1941,author10@library.ua
Останній 562,Біографія,64.76,128,Шевченко Марія,Польська,1992,author11@library.ua
Зоряний 563,Фантастика,176.86,10,Бондаренко Іван,Британська,1963,author12@library.ua
Пригоди 564,Психологія,303.28,147,Мельник Анна,Українська,1940,author13@library.ua
Тінь 565,Поезія,579.42,138,Лисенко Петро,Британська,1987,author14@library.ua
Серце 566,Жахи,689.39,259,Поліщук Олена,Японська,1976,author15@library.ua
Код 567,Детектив,548.79,336,Ткаченко Василь,Французька,1956,author16@library.ua
Вогонь 568,Психологія,927.53,7,Кравченко Тетяна,Американська,1976,author17@library.ua
Голос 569,Жахи,258.4,450,Гончаренко Андрій,Японська,1980,author18@library.ua
Місто 570,Біографія,1094.97,124,Савченко Наталія,Французька,1970,author19@library.ua
Легенда про 571,Детектив,1109.73,397,Коваленко Олег,Британська,1944,author20@library.ua
Повернення 572,Біографія,651.53,272,Шевченко Марія,Британська,1982,author21@library.ua
Забутий 573,Жахи,213.09,247,Бондаренко Іван,Українська,1962,author22@library.ua
Нічний 574,Детектив,1133.22,256,Мельник Анна,Американська,1994,author23@library.ua
Крила 575,Біографія,848.41,34,Лисенко Петро,Німецька,1991,author24@library.ua
Острів 576,Пригоди,555.66,128,Поліщук Олена,Французька,1949,author25@library.ua
Межа 577,Романтика,936.91,467,Ткаченко Василь,Польська,1945,author26@library.ua
Дзеркало 578,Жахи,416.72,335,Кравченко Тетяна,Німецька,1961,author27@library.ua
Сон 579,Жахи,957.42,74,Гончаренко Андрій,Американська,1958,author28@library.ua
Рівновага 580,Психологія,743.86,73,Савченко Наталія,Німецька,1979,author29@library.ua
Таємниця 581,Біографія,1019.95,344,Коваленко Олег,Німецька,1986,author30@library.ua
Останній 582,Детектив,781.25,475,Шевченко Марія,Британська,1941,author31@library.ua
Зоряний 583,Біографія,772.67,76,Бондаренко Іван,Польська,1988,author32@library.ua
Пригоди 584,Романтика,500.89,76,Мельник Анна,Українська,1953,author33@library.ua
Тінь 585,Детектив,295.67,288,Лисенко Петро,Французька,1961,author34@library.ua
Серце 586,Фантастика,444.62,482,Поліщук Олена,Польська,1959,author35@library.ua
Код 587,Історичний роман,357.71,288,Ткаченко Василь,Японська,1994,author36@library.ua
Вогонь 588,Психологія,96.06,302,Кравченко Тетяна,Американська,1978,author37@library.ua
Голос 589,Фантастика,381.52,69,Гончаренко Андрій,Британська,1940,author38@library.ua
Місто 590,Фантастика,362.09,187,Савченко Наталія,Німецька,1982,author39@library.ua
Легенда про 591,Поезія,827.02,324,Коваленко Олег,Британська,1950,author40@library.ua
Повернення 592,Романтика,134.24,113,Шевченко Марія,Британська,1976,author41@library.ua
Забутий 593,Психологія,634.51,256,Бондаренко Іван,Німецька,1965,author42@library.ua
Нічний 594,Пригоди,489.86,200,Мельник Анна,Японська,1982,author43@library.ua
Крила 595,Психологія,136.86,168,Лисенко Петро,Українська,1993,author44@library.ua
Острів 596,Поезія,778.99,406,Поліщук Олена,Німецька,1949,author45@library.ua
Межа 597,Фантастика,542.27,142,Ткаченко Василь,Польська,1950,author46@library.ua
Дзеркало 598,Наукова фантастика,1154.38,425,Кравченко Тетяна,Німецька,1941,author47@library.ua
Сон 599,Поезія,258.78,499,Гончаренко Андрій,Японська,1945,author48@library.ua
Рівновага 600,Детектив,504.39,114,Савченко Наталія,Американська,1966,author49@library.ua
Таємниця 601,Романтика,960.66,7,Коваленко Олег,Українська,1960,author0@library.ua
Останній 602,Романтика,286.62,61,Шевченко Марія,Французька,1951,author1@library.ua
Зоряний 603,Романтика,790.95,113,Бондаренко Іван,Німецька,1980,author2@library.ua
Пригоди 604,Психологія,384.32,173,Мельник Анна,Американська,1966,author3@library.ua
Тінь 605,Детектив,263.51,384,Лисенко Петро,Українська,1986,author4@library.ua
Серце 606,Психологія,350.42,412,Поліщук Олена,Українська,1969,author5@library.ua
Код 607,Пригоди,903.9,234,Ткаченко Василь,Американська,1955,author6@library.ua
Вогонь 608,Історичний роман,336.21,54,Кравченко Тетяна,Японська,1976,author7@library.ua
Голос 609,Історичний роман,360.25,358,Гончаренко Андрій,Британська,1975,author8@library.ua
Місто 610,Пригоди,1152.65,175,Савченко Наталія,Американська,1965,author9@library.ua
Легенда про 611,Наукова фантастика,1135.76,61,Коваленко Олег,Британська,1941,author10@library.ua
Повернення 612,Жахи,238.88,11,Шевченко Марія,Польська,1992,author11@library.ua
Забутий 613,Психологія,90.17,235,Бондаренко Іван,Британська,1963,author12@library.ua
Нічний 614,Психологія,274.83,300,Мельник Анна,Українська,1940,author13@library.ua
Крила 615,Фантастика,308.4,46,Лисенко Петро,Британська,1987,author14@library.ua
Острів 616,Наукова фантастика,348.18,200,Поліщук Олена,Японська,1976,author15@library.ua
Межа 617,Фантастика,1159.21,261,Ткаченко Василь,Французька,1956,author16@library.ua
Дзеркало 618,Поезія,804.22,190,Кравченко Тетяна,Американська,1976,author17@library.ua
Сон 619,Жахи,262.84,396,Гончаренко Андрій,Японська,1980,author18@library.ua
Рівновага 620,Поезія,934.2,448,Савченко Наталія,Французька,1970,author19@library.ua
Таємниця 621,Психологія,1171.62,305,Коваленко Олег,Британська,1944,author20@library.ua
Останній 622,Поезія,1147.72,341,Шевченко Марія,Британська,1982,author21@library.ua
Зоряний 623,Детектив,588.26,283,Бондаренко Іван,Українська,1962,author22@library.ua
Пригоди 624,Біографія,863.25,10,Мельник Анна,Американська,1994,author23@library.ua
Тінь 625,Історичний роман,663.47,251,Лисенко Петро,Німецька,1991,author24@library.ua
Серце 626,Романтика,929.67,129,Поліщук Олена,Французька,1949,author25@library.ua
Код 627,Психологія,506.6,462,Ткаченко Василь,Польська,1945,author26@library.ua
Вогонь 628,Наукова фантастика,1169.98,167,Кравченко Тетяна,Німецька,1961,author27@library.ua
Голос 629,Пригоди,277.78,86,Гончаренко Андрій,Американська,1958,author28@library.ua
Місто 630,Психологія,1079.55,280,Савченко Наталія,Німецька,1979,author29@library.ua
Легенда про 631,Поезія,229.66,334,Коваленко Олег,Німецька,1986,author30@library.ua
Повернення 632,Історичний роман,214.99,25,Шевченко Марія,Британська,1941,author31@library.ua
Забутий 633,Жахи,696.27,109,Бондаренко Іван,Польська,1988,author32@library.ua
Нічний 634,Фантастика,833.34,100,Мельник Анна,Українська,1953,author33@library.ua
Крила 635,Пригоди,517.0,285,Лисенко Петро,Французька,1961,author34@library.ua
Острів 636,Детектив,781.04,88,Поліщук Олена,Польська,1959,author35@library.ua
Межа 637,Біографія,517.77,112,Ткаченко Василь,Японська,1994,author36@library.ua
Дзеркало 638,Поезія,740.44,180,Кравченко Тетяна,Американська,1978,author37@library.ua
Сон 639,Біографія,674.04,260,Гончаренко Андрій,Британська,1940,author38@library.ua
Рівновага 640,Жахи,725.74,467,Савченко Наталія,Німецька,1982,author39@library.ua
Таємниця 641,Детектив,310.08,452,Коваленко Олег,Британська,1950,author40@library.ua
Останній 642,Біографія,412.36,428,Шевченко Марія,Британська,1976,author41@library.ua
Зоряний 643,Поезія,916.96,11,Бондаренко Іван,Німецька,1965,author42@library.ua
Пригоди 644,Детектив,657.44,358,Мельник Анна,Японська,1982,author43@library.ua
Тінь 645,Історичний роман,1012.25,469,Лисенко Петро,Українська,1993,author44@library.ua
Серце 646,Фантастика,570.11,283,Поліщук Олена,Німецька,1949,author45@library.ua
Код 647,Жахи,509.77,367,Ткаченко Василь,Польська,1950,author46@library.ua
Вогонь 648,Біографія,419.19,130,Кравченко Тетяна,Німецька,1941,author47@library.ua
Голос 649,Детектив,1192.84,391,Гончаренко Андрій,Японська,1945,author48@library.ua
Місто 650,Історичний роман,899.6,225,Савченко Наталія,Американська,1966,author49@library.ua
Легенда про 651,Романтика,1158.48,33,Коваленко Олег,Українська,1960,author0@library.ua
Повернення 652,Поезія,1160.47,89,Шевченко Марія,Французька,1951,author1@library.ua
Забутий 653,Пригоди,137.13,223,Бондаренко Іван,Німецька,1980,author2@library.ua
Нічний 654,Романтика,916.99,223,Мельник Анна,Американська,1966,author3@library.ua
Крила 655,Психологія,743.38,44,Лисенко Петро,Українська,1986,author4@library.ua
Острів 656,Історичний роман,290.67,273,Поліщук Олена,Українська,1969,author5@library.ua
Межа 657,Жахи,792.35,212,Ткаченко Василь,Американська,1955,author6@library.ua
Дзеркало 658,Пригоди,736.3,400,Кравченко Тетяна,Японська,1976,author7@library.ua
Сон 659,Жахи,345.2,480,Гончаренко Андрій,Британська,1975,author8@library.ua
Рівновага 660,Наукова фантастика,1018.23,187,Савченко Наталія,Американська,1965,author9@library.ua
Таємниця 661,Пригоди,1165.51,376,Коваленко Олег,Британська,1941,author10@library.ua
Останній 662,Романтика,843.34,195,Шевченко Марія,Польська,1992,author11@library.ua
Зоряний 663,Психологія,535.87,1,Бондаренко Іван,Британська,1963,author12@library.ua
Пригоди 664,Біографія,1134.31,64,Мельник Анна,Українська,1940,author13@library.ua
Тінь 665,Історичний роман,649.98,482,Лисенко Петро,Британська,1987,author14@library.ua
Серце 666,Фантастика,1089.75,13,Поліщук Олена,Японська,1976,author15@library.ua
Код 667,Романтика,714.08,352,Ткаченко Василь,Французька,1956,author16@library.ua
Вогонь 668,Біографія,1151.91,130,Кравченко Тетяна,Американська,1976,author17@library.ua
Голос 669,Біографія,625.41,147,Гончаренко Андрій,Японська,1980,author18@library.ua
Місто 670,Наукова фантастика,110.67,385,Савченко Наталія,Французька,1970,author19@library.ua
Легенда про 671,Поезія,874.08,120,Коваленко Олег,Британська,1944,author20@library.ua
Повернення 672,Поезія,538.38,39,Шевченко Марія,Британська,1982,author21@library.ua
Забутий 673,Біографія,1067.67,432,Бондаренко Іван,Українська,1962,author22@library.ua
Нічний 674,Детектив,113.87,289,Мельник Анна,Американська,1994,author23@library.ua
Крила 675,Фантастика,1110.87,287,Лисенко Петро,Німецька,1991,author24@library.ua
Острів 676,Пригоди,163.12,228,Поліщук Олена,Французька,1949,author25@library.ua
Межа 677,Наукова фантастика,1005.35,306,Ткаченко Василь,Польська,1945,author26@library.ua
Дзеркало 678,Наукова фантастика,236.59,145,Кравченко Тетяна,Німецька,1961,author27@library.ua
Сон 679,Романтика,727.24,312,Гончаренко Андрій,Американська,1958,author28@library.ua
Рівновага 680,Фантастика,916.14,261,Савченко Наталія,Німецька,1979,author29@library.ua
Таємниця 681,Психологія,787.65,251,Коваленко Олег,Німецька,1986,author30@library.ua
Останній 682,Наукова фантастика,227.95,238,Шевченко Марія,Британська,1941,author31@library.ua
Зоряний 683,Фантастика,905.72,447,Бондаренко Іван,Польська,1988,author32@library.ua
Пригоди 684,Романтика,447.56,314,Мельник Анна,Українська,1953,author33@library.ua
Тінь 685,Історичний роман,805.81,500,Лисенко Петро,Французька,1961,author34@library.ua
Серце 686,Жахи,290.76,13,Поліщук Олена,Польська,1959,author35@library.ua
Код 687,Біографія,495.34,283,Ткаченко Василь,Японська,1994,author36@library.ua
Вогонь 688,Психологія,860.64,223,Кравченко Тетяна,Американська,1978,author37@library.ua
Голос 689,Наукова фантастика,645.38,342,Гончаренко Андрій,Британська,1940,author38@library.ua
Місто 690,Жахи,569.05,1,Савченко Наталія,Німецька,1982,author39@library.ua
Легенда про 691,Поезія,1122.83,270,Коваленко Олег,Британська,1950,author40@library.ua
Повернення 692,Фантастика,508.56,464,Шевченко Марія,Британська,1976,author41@library.ua
Забутий 693,Наукова фантастика,837.71,155,Бондаренко Іван,Німецька,1965,author42@library.ua
Нічний 694,Жахи,176.02,333,Мельник Анна,Японська,1982,author43@library.ua
Крила 695,Біографія,455.9,389,Лисенко Петро,Українська,1993,author44@library.ua
Острів 696,Наукова фантастика,593.81,168,Поліщук Олена,Німецька,1949,author45@library.ua
Межа 697,Поезія,1031.3,440,Ткаченко Василь,Польська,1950,author46@library.ua
Дзеркало 698,Пригоди,234.84,97,Кравченко Тетяна,Німецька,1941,author47@library.ua
Сон 699,Психологія,503.4,75,Гончаренко Андрій,Японська,1945,author48@library.ua
Рівновага 700,Біографія,290.54,39,Савченко Наталія,Американська,1966,author49@library.ua
Таємниця 701,Психологія,694.5,104,Коваленко Олег,Українська,1960,author0@library.ua
Останній 702,Поезія,1182.25,404,Шевченко Марія,Французька,1951,author1@library.ua
Зоряний 703,Фантастика,709.33,372,Бондаренко Іван,Німецька,1980,author2@library.ua
Пригоди 704,Поезія,112.09,13,Мельник Анна,Американська,1966,author3@library.ua
Тінь 705,Поезія,492.42,467,Лисенко Петро,Українська,1986,author4@library.ua
Серце 706,Детектив,583.72,361,Поліщук Олена,Українська,1969,author5@library.ua
Код 707,Пригоди,1196.88,415,Ткаченко Василь,Американська,1955,author6@library.ua
Вогонь 708,Детектив,252.09,126,Кравченко Тетяна,Японська,1976,author7@library.ua
Голос 709,Фантастика,1055.03,178,Гончаренко Андрій,Британська,1975,author8@library.ua
Місто 710,Пригоди,891.73,29,Савченко Наталія,Американська,1965,author9@library.ua
Легенда про 711,Поезія,869.75,405,Коваленко Олег,Британська,1941,author10@library.ua
Повернення 712,Детектив,1118.99,432,Шевченко Марія,Польська,1992,author11@library.ua
Забутий 713,Наукова фантастика,121.08,242,Бондаренко Іван,Британська,1963,author12@library.ua
Нічний 714,Жахи,770.07,62,Мельник Анна,Українська,1940,author13@library.ua
Крила 715,Фантастика,514.14,220,Лисенко Петро,Британська,1987,author14@library.ua
Острів 716,Романтика,792.61,327,Поліщук Олена,Японська,1976,author15@library.ua
Межа 717,Поезія,760.68,277,Ткаченко Василь,Французька,1956,author16@library.ua
Дзеркало 718,Біографія,1002.32,493,Кравченко Тетяна,Американська,1976,author17@library.ua
Сон 719,Фантастика,829.51,248,Гончаренко Андрій,Японська,1980,author18@library.ua
Рівновага 720,Поезія,250.24,35,Савченко Наталія,Французька,1970,author19@library.ua
Таємниця 721,Фантастика,366.49,178,Коваленко Олег,Британська,1944,author20@library.ua
Останній 722,Детектив,900.54,482,Шевченко Марія,Британська,1982,author21@library.ua
Зоряний 723,Психологія,1132.65,151,Бондаренко Іван,Українська,1962,author22@library.ua
Пригоди 724,Біографія,143.43,285,Мельник Анна,Американська,1994,author23@library.ua
Тінь 725,Фантастика,70.71,469,Лисенко Петро,Німецька,1991,author24@library.ua
Серце 726,Жахи,632.3,480,Поліщук Олена,Французька,1949,author25@library.ua
Код 727,Фантастика,605.39,485,Ткаченко Василь,Польська,1945,author26@library.ua
Вогонь 728,Поезія,623.18,341,Кравченко Тетяна,Німецька,1961,author27@library.ua
Голос 729,Жахи,965.09,61,Гончаренко Андрій,Американська,1958,author28@library.ua
Місто 730,Детектив,907.32,113,Савченко Наталія,Німецька,1979,author29@library.ua
Легенда про 731,Романтика,851.92,131,Коваленко Олег,Німецька,1986,author30@library.ua
Повернення 732,Наукова фантастика,1168.94,148,Шевченко Марія,Британська,1941,author31@library.ua
Забутий 733,Детектив,109.6,215,Бондаренко Іван,Польська,1988,author32@library.ua
Нічний 734,Психологія,525.42,372,Мельник Анна,Українська,1953,author33@library.ua
Крила 735,Біографія,515.68,17,Лисенко Петро,Французька,1961,author34@library.ua
Острів 736,Детектив,1103.97,166,Поліщук Олена,Польська,1959,author35@library.ua
Межа 737,Фантастика,277.75,395,Ткаченко Василь,Японська,1994,author36@library.ua
Дзеркало 738,Психологія,1110.29,176,Кравченко Тетяна,Американська,1978,author37@library.ua
Сон 739,Психологія,600.95,265,Гончаренко Андрій,Британська,1940,author38@library.ua
Рівновага 740,Пригоди,597.6,422,Савченко Наталія,Німецька,1982,author39@library.ua
Таємниця 741,Фантастика,1118.36,301,Коваленко Олег,Британська,1950,author40@library.ua
Останній 742,Жахи,155.95,290,Шевченко Марія,Британська,1976,author41@library.ua
Зоряний 743,Наукова фантастика,1080.35,413,Бондаренко Іван,Німецька,1965,author42@library.ua
Пригоди 744,Історичний роман,734.7,320,Мельник Анна,Японська,1982,author43@library.ua
Тінь 745,Пригоди,330.81,23,Лисенко Петро,Українська,1993,author44@library.ua
Серце 746,Біографія,687.54,260,Поліщук Олена,Німецька,1949,author45@library.ua
Код 747,Історичний роман,81.21,442,Ткаченко Василь,Польська,1950,author46@library.ua
Вогонь 748,Пригоди,285.13,424,Кравченко Тетяна,Німецька,1941,author47@library.ua
Голос 749,Пригоди,542.9,208,Гончаренко Андрій,Японська,1945,author48@library.ua
Місто 750,Фантастика,591.9,170,Савченко Наталія,Американська,1966,author49@library.ua
Легенда про 751,Наукова фантастика,132.97,487,Коваленко Олег,Українська,1960,author0@library.ua
Повернення 752,Фантастика,942.77,368,Шевченко Марія,Французька,1951,author1@library.ua
Забутий 753,Жахи,1101.03,241,Бондаренко Іван,Німецька,1980,author2@library.ua
Нічний 754,Романтика,655.89,90,Мельник Анна,Американська,1966,author3@library.ua
Крила 755,Біографія,706.47,387,Лисенко Петро,Українська,1986,author4@library.ua
Острів 756,Фантастика,520.96,420,Поліщук Олена,Українська,1969,author5@library.ua
Межа 757,Детектив,839.06,284,Ткаченко Василь,Американська,1955,author6@library.ua
Дзеркало 758,Романтика,167.17,3,Кравченко Тетяна,Японська,1976,author7@library.ua
Сон 759,Детектив,777.88,96,Гончаренко Андрій,Британська,1975,author8@library.ua
Рівновага 760,Романтика,130.53,178,Савченко Наталія,Американська,1965,author9@library.ua
Таємниця 761,Жахи,265.18,348,Коваленко Олег,Британська,1941,author10@library.ua
Останній 762,Детектив,86.14,446,Шевченко Марія,Польська,1992,author11@library.ua
Зоряний 763,Історичний роман,1048.33,419,Бондаренко Іван,Британська,1963,author12@library.ua
Пригоди 764,Біографія,53.23,451,Мельник Анна,Українська,1940,author13@library.ua
Тінь 765,Пригоди,563.39,173,Лисенко Петро,Британська,1987,author14@library.ua
Серце 766,Поезія,409.27,358,Поліщук Олена,Японська,1976,author15@library.ua
Код 767,Жахи,510.12,159,Ткаченко Василь,Французька,1956,author16@library.ua
Вогонь 768,Детектив,129.47,295,Кравченко Тетяна,Американська,1976,author17@library.ua
Голос 769,Романтика,1164.53,261,Гончаренко Андрій,Японська,1980,author18@library.ua
Місто 770,Жахи,771.96,318,Савченко Наталія,Французька,1970,author19@library.ua
Легенда про 771,Психологія,819.94,472,Коваленко Олег,Британська,1944,author20@library.ua
Повернення 772,Поезія,589.4,226,Шевченко Марія,Британська,1982,author21@library.ua
Забутий 773,Детектив,688.48,90,Бондаренко Іван,Українська,1962,author22@library.ua
Нічний 774,Пригоди,120.3,48,Мельник Анна,Американська,1994,author23@library.ua
Крила 775,Романтика,784.64,431,Лисенко Петро,Німецька,1991,author24@library.ua
Острів 776,Детектив,886.09,223,Поліщук Олена,Французька,1949,author25@library.ua
Межа 777,Фантастика,961.53,327,Ткаченко Василь,Польська,1945,author26@library.ua
Дзеркало 778,Психологія,305.42,320,Кравченко Тетяна,Німецька,1961,author27@library.ua
Сон 779,Детектив,477.4,221,Гончаренко Андрій,Американська,1958,author28@library.ua
Рівновага 780,Пригоди,115.28,494,Савченко Наталія,Німецька,1979,author29@library.ua
Таємниця 781,Поезія,395.66,98,Коваленко Олег,Німецька,1986,author30@library.ua
Останній 782,Фантастика,921.63,441,Шевченко Марія,Британська,1941,author31@library.ua
Зоряний 783,Пригоди,847.25,47,Бондаренко Іван,Польська,1988,author32@library.ua
Пригоди 784,Наукова фантастика,351.03,173,Мельник Анна,Українська,1953,author33@library.ua
Тінь 785,Історичний роман,94.05,172,Лисенко Петро,Французька,1961,author34@library.ua
Серце 786,Детектив,244.74,356,Поліщук Олена,Польська,1959,author35@library.ua
Код 787,Детектив,620.01,91,Ткаченко Василь,Японська,1994,author36@library.ua
Вогонь 788,Пригоди,336.97,54,Кравченко Тетяна,Американська,1978,author37@library.ua
Голос 789,Поезія,579.55,90,Гончаренко Андрій,Британська,1940,author38@library.ua
Місто 790,Поезія,968.49,103,Савченко Наталія,Німецька,1982,author39@library.ua
Легенда про 791,Біографія,383.85,102,Коваленко Олег,Британська,1950,author40@library.ua
Повернення 792,Поезія,248.37,240,Шевченко Марія,Британська,1976,author41@library.ua
Забутий 793,Пригоди,681.91,466,Бондаренко Іван,Німецька,1965,author42@library.ua
Нічний 794,Жахи,549.69,172,Мельник Анна,Японська,1982,author43@library.ua
Крила 795,Романтика,940.26,203,Лисенко Петро,Українська,1993,author44@library.ua
Острів 796,Романтика,638.68,425,Поліщук Олена,Німецька,1949,author45@library.ua
Межа 797,Романтика,698.37,467,Ткаченко Василь,Польська,1950,author46@library.ua
Дзеркало 798,Поезія,995.53,76,Кравченко Тетяна,Німецька,1941,author47@library.ua
Сон 799,Історичний роман,676.14,411,Гончаренко Андрій,Японська,1945,author48@library.ua
Рівновага 800,Психологія,1001.18,295,Савченко Наталія,Американська,1966,author49@library.ua
Таємниця 801,Пригоди,304.52,36,Коваленко Олег,Українська,1960,author0@library.ua
Останній 802,Жахи,509.02,221,Шевченко Марія,Французька,1951,author1@library.ua
Зоряний 803,Психологія,101.32,440,Бондаренко Іван,Німецька,1980,author2@library.ua
Пригоди 804,Фантастика,300.91,345,Мельник Анна,Американська,1966,author3@library.ua
Тінь 805,Пригоди,217.81,363,Лисенко Петро,Українська,1986,author4@library.ua
Серце 806,Пригоди,647.89,37,Поліщук Олена,Українська,1969,author5@library.ua
Код 807,Жахи,1157.96,391,Ткаченко Василь,Американська,1955,author6@library.ua
Вогонь 808,Поезія,569.98,285,Кравченко Тетяна,Японська,1976,author7@library.ua
Голос 809,Романтика,752.36,279,Гончаренко Андрій,Британська,1975,author8@library.ua
Місто 810,Історичний роман,1084.43,223,Савченко Наталія,Американська,1965,author9@library.ua
Легенда про 811,Поезія,970.89,145,Коваленко Олег,Британська,1941,author10@library.ua
Повернення 812,Романтика,1043.23,472,Шевченко Марія,Польська,1992,author11@library.ua
Забутий 813,Фантастика,654.09,336,Бондаренко Іван,Британська,1963,author12@library.ua
Нічний 814,Поезія,636.24,439,Мельник Анна,Українська,1940,author13@library.ua
Крила 815,Романтика,512.9,200,Лисенко Петро,Британська,1987,author14@library.ua
Острів 816,Поезія,1044.04,482,Поліщук Олена,Японська,1976,author15@library.ua
Межа 817,Детектив,500.37,460,Ткаченко Василь,Французька,1956,author16@library.ua
Дзеркало 818,Детектив,940.14,240,Кравченко Тетяна,Американська,1976,author17@library.ua
Сон 819,Жахи,585.47,271,Гончаренко Андрій,Японська,1980,author18@library.ua
Рівновага 820,Поезія,1027.23,419,Савченко Наталія,Французька,1970,author19@library.ua
Таємниця 821,Наукова фантастика,878.69,297,Коваленко Олег,Британська,1944,author20@library.ua
Останній 822,Психологія,464.9,361,Шевченко Марія,Британська,1982,author21@library.ua
Зоряний 823,Детектив,330.35,397,Бондаренко Іван,Українська,1962,author22@library.ua
Пригоди 824,Фантастика,75.86,426,Мельник Анна,Американська,1994,author23@library.ua
Тінь 825,Психологія,921.0,71,Лисенко Петро,Німецька,1991,author24@library.ua
Серце 826,Романтика,459.83,484,Поліщук Олена,Французька,1949,author25@library.ua
Код 827,Пригоди,583.11,418,Ткаченко Василь,Польська,1945,author26@library.ua
Вогонь 828,Поезія,686.92,330,Кравченко Тетяна,Німецька,1961,author27@library.ua
Голос 829,Біографія,865.56,244,Гончаренко Андрій,Американська,1958,author28@library.ua
Місто 830,Біографія,998.38,149,Савченко Наталія,Німецька,1979,author29@library.ua
Легенда про 831,Жахи,216.32,140,Коваленко Олег,Німецька,1986,author30@library.ua
Повернення 832,Наукова фантастика,472.35,273,Шевченко Марія,Британська,1941,author31@library.ua
Забутий 833,Поезія,1155.57,355,Бондаренко Іван,Польська,1988,author32@library.ua
Нічний 834,Фантастика,1061.62,73,Мельник Анна,Українська,1953,author33@library.ua
Крила 835,Романтика,429.8,360,Лисенко Петро,Французька,1961,author34@library.ua
Острів 836,Біографія,118.63,68,Поліщук Олена,Польська,1959,author35@library.ua
Межа 837,Жахи,1172.48,421,Ткаченко Василь,Японська,1994,author36@library.ua
Дзеркало 838,Пригоди,1193.46,480,Кравченко Тетяна,Американська,1978,author37@library.ua
Сон 839,Історичний роман,838.72,220,Гончаренко Андрій,Британська,1940,author38@library.ua
Рівновага 840,Психологія,1036.32,178,Савченко Наталія,Німецька,1982,author39@library.ua
Таємниця 841,Психологія,781.62,230,Коваленко Олег,Британська,1950,author40@library.ua
Останній 842,Пригоди,1015.51,341,Шевченко Марія,Британська,1976,author41@library.ua
Зоряний 843,Наукова фантастика,1138.95,302,Бондаренко Іван,Німецька,1965,author42@library.ua
Пригоди 844,Поезія,1134.28,255,Мельник Анна,Японська,1982,author43@library.ua
Тінь 845,Наукова фантастика,129.23,259,Лисенко Петро,Українська,1993,author44@library.ua
Серце 846,Біографія,1084.68,30,Поліщук Олена,Німецька,1949,author45@library.ua
Код 847,Історичний роман,996.95,402,Ткаченко Василь,Польська,1950,author46@library.ua
Вогонь 848,Психологія,1021.89,149,Кравченко Тетяна,Німецька,1941,author47@library.ua
Голос 849,Психологія,498.58,296,Гончаренко Андрій,Японська,1945,author48@library.ua
Місто 850,Фантастика,320.35,65,Савченко Наталія,Американська,1966,author49@library.ua
Легенда про 851,Романтика,924.12,49,Коваленко Олег,Українська,1960,author0@library.ua
Повернення 852,Біографія,170.25,125,Шевченко Марія,Французька,1951,author1@library.ua
Забутий 853,Психологія,120.29,257,Бондаренко Іван,Німецька,1980,author2@library.ua
Нічний 854,Романтика,1152.24,432,Мельник Анна,Американська,1966,author3@library.ua
Крила 855,Пригоди,598.63,409,Лисенко Петро,Українська,1986,author4@library.ua
Острів 856,Біографія,317.89,357,Поліщук Олена,Українська,1969,author5@library.ua
Межа 857,Наукова фантастика,387.73,82,Ткаченко Василь,Американська,1955,author6@library.ua
Дзеркало 858,Поезія,264.52,470,Кравченко Тетяна,Японська,1976,author7@library.ua
Сон 859,Фантастика,472.32,240,Гончаренко Андрій,Британська,1975,author8@library.ua
Рівновага 860,Біографія,75.16,62,Савченко Наталія,Американська,1965,author9@library.ua
Таємниця 861,Романтика,380.35,103,Коваленко Олег,Британська,1941,author10@library.ua
Останній 862,Наукова фантастика,909.51,329,Шевченко Марія,Польська,1992,author11@library.ua
Зоряний 863,Детектив,786.76,380,Бондаренко Іван,Британська,1963,author12@library.ua
Пригоди 864,Наукова фантастика,1191.46,250,Мельник Анна,Українська,1940,author13@library.ua
Тінь 865,Жахи,1031.21,393,Лисенко Петро,Британська,1987,author14@library.ua
Серце 866,Детектив,413.46,460,Поліщук Олена,Японська,1976,author15@library.ua
Код 867,Біографія,407.16,205,Ткаченко Василь,Французька,1956,author16@library.ua
Вогонь 868,Жахи,423.95,369,Кравченко Тетяна,Американська,1976,author17@library.ua
Голос 869,Історичний роман,843.01,158,Гончаренко Андрій,Японська,1980,author18@library.ua
Місто 870,Поезія,569.74,404,Савченко Наталія,Французька,1970,author19@library.ua
Легенда про 871,Наукова фантастика,588.11,360,Коваленко Олег,Британська,1944,author20@library.ua
Повернення 872,Романтика,276.07,272,Шевченко Марія,Британська,1982,author21@library.ua
Забутий 873,Детектив,292.3,274,Бондаренко Іван,Українська,1962,author22@library.ua
Нічний 874,Детектив,817.58,354,Мельник Анна,Американська,1994,author23@library.ua
Крила 875,Поезія,366.53,113,Лисенко Петро,Німецька,1991,author24@library.ua
Острів 876,Фантастика,615.24,477,Поліщук Олена,Французька,1949,author25@library.ua
Межа 877,Поезія,303.24,205,Ткаченко Василь,Польська,1945,author26@library.ua
Дзеркало 878,Жахи,1094.01,294,Кравченко Тетяна,Німецька,1961,author27@library.ua
Сон 879,Поезія,939.48,1,Гончаренко Андрій,Американська,1958,author28@library.ua
Рівновага 880,Детектив,372.45,378,Савченко Наталія,Німецька,1979,author29@library.ua
Таємниця 881,Поезія,105.2,5,Коваленко Олег,Німецька,1986,author30@library.ua
Останній 882,Жахи,204.06,273,Шевченко Марія,Британська,1941,author31@library.ua
Зоряний 883,Поезія,1161.67,381,Бондаренко Іван,Польська,1988,author32@library.ua
Пригоди 884,Поезія,77.85,26,Мельник Анна,Українська,1953,author33@library.ua
Тінь 885,Жахи,942.18,179,Лисенко Петро,Французька,1961,author34@library.ua
Серце 886,Фантастика,505.8,413,Поліщук Олена,Польська,1959,author35@library.ua
Код 887,Пригоди,178.91,267,Ткаченко Василь,Японська,1994,author36@library.ua
Вогонь 888,Пригоди,1087.21,283,Кравченко Тетяна,Американська,1978,author37@library.ua
Голос 889,Біографія,88.52,357,Гончаренко Андрій,Британська,1940,author38@library.ua
Місто 890,Жахи,390.53,320,Савченко Наталія,Німецька,1982,author39@library.ua
Легенда про 891,Біографія,607.97,77,Коваленко Олег,Британська,1950,author40@library.ua
Повернення 892,Детектив,933.77,1,Шевченко Марія,Британська,1976,author41@library.ua
Забутий 893,Поезія,765.24,39,Бондаренко Іван,Німецька,1965,author42@library.ua
Нічний 894,Психологія,615.62,272,Мельник Анна,Японська,1982,author43@library.ua
Крила 895,Фантастика,1009.2,187,Лисенко Петро,Українська,1993,author44@library.ua
Острів 896,Пригоди,740.64,94,Поліщук Олена,Німецька,1949,author45@library.ua
Межа 897,Наукова фантастика,891.84,388,Ткаченко Василь,Польська,1950,author46@library.ua
Дзеркало 898,Біографія,406.6,75,Кравченко Тетяна,Німецька,1941,author47@library.ua
Сон 899,Історичний роман,783.32,432,Гончаренко Андрій,Японська,1945,author48@library.ua
Рівновага 900,Наукова фантастика,922.95,206,Савченко Наталія,Американська,1966,author49@library.ua
Таємниця 901,Фантастика,1096.6,20,Коваленко Олег,Українська,1960,author0@library.ua
Останній 902,Романтика,139.01,290,Шевченко Марія,Французька,1951,author1@library.ua
Зоряний 903,Наукова фантастика,689.43,416,Бондаренко Іван,Німецька,1980,author2@library.ua
Пригоди 904,Біографія,415.54,147,Мельник Анна,Американська,1966,author3@library.ua
Тінь 905,Жахи,575.19,115,Лисенко Петро,Українська,1986,author4@library.ua
Серце 906,Пригоди,706.8,124,Поліщук Олена,Українська,1969,author5@library.ua
Код 907,Наукова фантастика,946.44,144,Ткаченко Василь,Американська,1955,author6@library.ua
Вогонь 908,Жахи,766.64,53,Кравченко Тетяна,Японська,1976,author7@library.ua
Голос 909,Біографія,154.36,24,Гончаренко Андрій,Британська,1975,author8@library.ua
Місто 910,Детектив,273.11,377,Савченко Наталія,Американська,1965,author9@library.ua
Легенда про 911,Біографія,116.64,37,Коваленко Олег,Британська,1941,author10@library.ua
Повернення 912,Фантастика,259.61,199,Шевченко Марія,Польська,1992,author11@library.ua
Забутий 913,Жахи,692.19,292,Бондаренко Іван,Британська,1963,author12@library.ua
Нічний 914,Психологія,894.51,50,Мельник Анна,Українська,1940,author13@library.ua
Крила 915,Фантастика,456.02,165,Лисенко Петро,Британська,1987,author14@library.ua
Острів 916,Детектив,80.34,185,Поліщук Олена,Японська,1976,author15@library.ua
Межа 917,Історичний роман,383.27,142,Ткаченко Василь,Французька,1956,author16@library.ua
Дзеркало 918,Детектив,1050.41,333,Кравченко Тетяна,Американська,1976,author17@library.ua
Сон 919,Наукова фантастика,514.73,49,Гончаренко Андрій,Японська,1980,author18@library.ua
Рівновага 920,Пригоди,484.52,335,Савченко Наталія,Французька,1970,author19@library.ua
Таємниця 921,Жахи,353.11,392,Коваленко Олег,Британська,1944,author20@library.ua
Останній 922,Наукова фантастика,217.78,140,Шевченко Марія,Британська,1982,author21@library.ua
Зоряний 923,Пригоди,383.61,58,Бондаренко Іван,Українська,1962,author22@library.ua
Пригоди 924,Історичний роман,1055.69,359,Мельник Анна,Американська,1994,author23@library.ua
Тінь 925,Детектив,768.07,481,Лисенко Петро,Німецька,1991,author24@library.ua
Серце 926,Романтика,110.63,284,Поліщук Олена,Французька,1949,author25@library.ua
Код 927,Біографія,244.23,460,Ткаченко Василь,Польська,1945,author26@library.ua
Вогонь 928,Детектив,1082.11,215,Кравченко Тетяна,Німецька,1961,author27@library.ua
Голос 929,Фантастика,243.7,383,Гончаренко Андрій,Американська,1958,author28@library.ua
Місто 930,Детектив,887.81,60,Савченко Наталія,Німецька,1979,author29@library.ua
Легенда про 931,Пригоди,678.02,71,Коваленко Олег,Німецька,1986,author30@library.ua
Повернення 932,Пригоди,893.45,409,Шевченко Марія,Британська,1941,author31@library.ua
Забутий 933,Наукова фантастика,395.49,320,Бондаренко Іван,Польська,1988,author32@library.ua
Нічний 934,Жахи,455.42,107,Мельник Анна,Українська,1953,author33@library.ua
Крила 935,Психологія,671.54,463,Лисенко Петро,Французька,1961,author34@library.ua
Острів 936,Романтика,615.68,255,Поліщук Олена,Польська,1959,author35@library.ua
Межа 937,Поезія,992.37,329,Ткаченко Василь,Японська,1994,author36@library.ua
Дзеркало 938,Пригоди,892.91,160,Кравченко Тетяна,Американська,1978,author37@library.ua
Сон 939,Детектив,493.2,85,Гончаренко Андрій,Британська,1940,author38@library.ua
Рівновага 940,Біографія,1168.38,366,Савченко Наталія,Німецька,1982,author39@library.ua
Таємниця 941,Жахи,140.42,163,Коваленко Олег,Британська,1950,author40@library.ua
Останній 942,Фантастика,541.52,412,Шевченко Марія,Британська,1976,author41@library.ua
Зоряний 943,Романтика,1097.4,330,Бондаренко Іван,Німецька,1965,author42@library.ua
Пригоди 944,Біографія,1007.76,261,Мельник Анна,Японська,1982,author43@library.ua
Тінь 945,Детектив,886.89,437,Лисенко Петро,Українська,1993,author44@library.ua
Серце 946,Психологія,786.81,454,Поліщук Олена,Німецька,1949,author45@library.ua
Код 947,Наукова фантастика,877.46,99,Ткаченко Василь,Польська,1950,author46@library.ua
Вогонь 948,Психологія,1069.33,151,Кравченко Тетяна,Німецька,1941,author47@library.ua
Голос 949,Жахи,265.74,130,Гончаренко Андрій,Японська,1945,author48@library.ua
Місто 950,Наукова фантастика,365.26,167,Савченко Наталія,Американська,1966,author49@library.ua
Легенда про 951,Фантастика,441.79,356,Коваленко Олег,Українська,1960,author0@library.ua
Повернення 952,Детектив,541.47,317,Шевченко Марія,Французька,1951,author1@library.ua
Забутий 953,Фантастика,74.39,356,Бондаренко Іван,Німецька,1980,author2@library.ua
Нічний 954,Детектив,389.49,385,Мельник Анна,Американська,1966,author3@library.ua
Крила 955,Біографія,392.44,283,Лисенко Петро,Українська,1986,author4@library.ua
Острів 956,Поезія,671.87,373,Поліщук Олена,Українська,1969,author5@library.ua
Межа 957,Наукова фантастика,826.05,143,Ткаченко Василь,Американська,1955,author6@library.ua
Дзеркало 958,Історичний роман,923.19,287,Кравченко Тетяна,Японська,1976,author7@library.ua
Сон 959,Психологія,346.77,434,Гончаренко Андрій,Британська,1975,author8@library.ua
Рівновага 960,Наукова фантастика,739.71,91,Савченко Наталія,Американська,1965,author9@library.ua
Таємниця 961,Пригоди,687.56,21,Коваленко Олег,Британська,1941,author10@library.ua
Останній 962,Детектив,707.31,173,Шевченко Марія,Польська,1992,author11@library.ua
Зоряний 963,Історичний роман,1173.49,236,Бондаренко Іван,Британська,1963,author12@library.ua
Пригоди 964,Поезія,288.1,164,Мельник Анна,Українська,1940,author13@library.ua
Тінь 965,Романтика,1015.37,278,Лисенко Петро,Британська,1987,author14@library.ua
Серце 966,Детектив,1002.65,320,Поліщук Олена,Японська,1976,author15@library.ua
Код 967,Історичний роман,281.91,428,Ткаченко Василь,Французька,1956,author16@library.ua
Вогонь 968,Пригоди,679.0,71,Кравченко Тетяна,Американська,1976,author17@library.ua
Голос 969,Поезія,1080.16,166,Гончаренко Андрій,Японська,1980,author18@library.ua
Місто 970,Історичний роман,778.79,299,Савченко Наталія,Французька,1970,author19@library.ua
Легенда про 971,Фантастика,759.19,106,Коваленко Олег,Британська,1944,author20@library.ua
Повернення 972,Наукова фантастика,449.27,331,Шевченко Марія,Британська,1982,author21@library.ua
Забутий 973,Біографія,930.51,85,Бондаренко Іван,Українська,1962,author22@library.ua
Нічний 974,Психологія,697.36,405,Мельник Анна,Американська,1994,author23@library.ua
Крила 975,Пригоди,1032.13,373,Лисенко Петро,Німецька,1991,author24@library.ua
Острів 976,Романтика,361.23,109,Поліщук Олена,Французька,1949,author25@library.ua
Межа 977,Історичний роман,383.88,144,Ткаченко Василь,Польська,1945,author26@library.ua
Дзеркало 978,Психологія,1047.48,462,Кравченко Тетяна,Німецька,1961,author27@library.ua
Сон 979,Поезія,925.2,294,Гончаренко Андрій,Американська,1958,author28@library.ua
Рівновага 980,Детектив,554.19,95,Савченко Наталія,Німецька,1979,author29@library.ua
Таємниця 981,Романтика,1132.15,189,Коваленко Олег,Німецька,1986,author30@library.ua
Останній 982,Фантастика,220.13,295,Шевченко Марія,Британська,1941,author31@library.ua
Зоряний 983,Детектив,172.45,295,Бондаренко Іван,Польська,1988,author32@library.ua
Пригоди 984,Історичний роман,140.58,227,Мельник Анна,Українська,1953,author33@library.ua
Тінь 985,Наукова фантастика,195.61,461,Лисенко Петро,Французька,1961,author34@library.ua
Серце 986,Наукова фантастика,582.73,320,Поліщук Олена,Польська,1959,author35@library.ua
Код 987,Поезія,159.25,216,Ткаченко Василь,Японська,1994,author36@library.ua
Вогонь 988,Жахи,849.97,86,Кравченко Тетяна,Американська,1978,author37@library.ua
Голос 989,Історичний роман,666.18,285,Гончаренко Андрій,Британська,1940,author38@library.ua
Місто 990,Історичний роман,303.14,413,Савченко Наталія,Німецька,1982,author39@library.ua
Легенда про 991,Біографія,949.15,448,Коваленко Олег,Британська,1950,author40@library.ua
Повернення 992,Історичний роман,744.3,127,Шевченко Марія,Британська,1976,author41@library.ua
Забутий 993,Романтика,1147.51,58,Бондаренко Іван,Німецька,1965,author42@library.ua
Нічний 994,Наукова фантастика,537.77,459,Мельник Анна,Японська,1982,author43@library.ua
Крила 995,Детектив,919.58,473,Лисенко Петро,Українська,1993,author44@library.ua
Острів 996,Історичний роман,573.54,42,Поліщук Олена,Німецька,1949,author45@library.ua
Межа 997,Детектив,837.4,123,Ткаченко Василь,Польська,1950,author46@library.ua
Дзеркало 998,Пригоди,352.75,394,Кравченко Тетяна,Німецька,1941,author47@library.ua
Сон 999,Фантастика,292.75,145,Гончаренко Андрій,Японська,1945,author48@library.ua
Рівновага 1000,Біографія,213.31,217,Савченко Наталія,Американська,1966,author49@library.ua
Таємниця 1001,Історичний роман,148.63,443,Коваленко Олег,Українська,1960,author0@library.ua
Останній 1002,Фантастика,337.24,413,Шевченко Марія,Французька,1951,author1@library.ua
Зоряний 1003,Жахи,249.78,260,Бондаренко Іван,Німецька,1980,author2@library.ua
Пригоди 1004,Історичний роман,687.96,41,Мельник Анна,Американська,1966,author3@library.ua
Тінь 1005,Історичний роман,733.16,446,Лисенко Петро,Українська,1986,author4@library.ua
Серце 1006,Психологія,952.43,133,Поліщук Олена,Українська,1969,author5@library.ua
Код 1007,Фантастика,150.31,92,Ткаченко Василь,Американська,1955,author6@library.ua
Вогонь 1008,Поезія,222.36,383,Кравченко Тетяна,Японська,1976,author7@library.ua
Голос 1009,Поезія,858.0,300,Гончаренко Андрій,Британська,1975,author8@library.ua
Місто 1010,Психологія,851.24,279,Савченко Наталія,Американська,1965,author9@library.ua
Легенда про 1011,Поезія,1180.45,205,Коваленко Олег,Британська,1941,author10@library.ua
Повернення 1012,Психологія,607.94,423,Шевченко Марія,Польська,1992,author11@library.ua
Забутий 1013,Поезія,747.16,186,Бондаренко Іван,Британська,1963,author12@library.ua
Нічний 1014,Романтика,244.98,84,Мельник Анна,Українська,1940,author13@library.ua
Крила 1015,Біографія,545.26,25,Лисенко Петро,Британська,1987,author14@library.ua
Острів 1016,Романтика,348.92,247,Поліщук Олена,Японська,1976,author15@library.ua
Межа 1017,Жахи,211.36,401,Ткаченко Василь,Французька,1956,author16@library.ua
Дзеркало 1018,Біографія,572.42,441,Кравченко Тетяна,Американська,1976,author17@library.ua
Сон 1019,Біографія,104.65,276,Гончаренко Андрій,Японська,1980,author18@library.ua
Рівновага 1020,Психологія,600.72,72,Савченко Наталія,Французька,1970,author19@library.ua
Таємниця 1021,Романтика,437.26,403,Коваленко Олег,Британська,1944,author20@library.ua
Останній 1022,Психологія,59.22,100,Шевченко Марія,Британська,1982,author21@library.ua
Зоряний 1023,Пригоди,916.16,341,Бондаренко Іван,Українська,1962,author22@library.ua
Пригоди 1024,Жахи,476.54,381,Мельник Анна,Американська,1994,author23@library.ua
Тінь 1025,Біографія,1083.52,296,Лисенко Петро,Німецька,1991,author24@library.ua
Серце 1026,Жахи,401.0,24,Поліщук Олена,Французька,1949,author25@library.ua
Код 1027,Психологія,914.01,494,Ткаченко Василь,Польська,1945,author26@library.ua
Вогонь 1028,Наукова фантастика,1122.27,424,Кравченко Тетяна,Німецька,1961,author27@library.ua
Голос 1029,Жахи,382.97,272,Гончаренко Андрій,Американська,1958,author28@library.ua
Місто 1030,Пригоди,298.87,181,Савченко Наталія,Німецька,1979,author29@library.ua
Легенда про 1031,Поезія,755.61,265,Коваленко Олег,Німецька,1986,author30@library.ua
Повернення 1032,Поезія,359.34,79,Шевченко Марія,Британська,1941,author31@library.ua
Забутий 1033,Біографія,703.77,381,Бондаренко Іван,Польська,1988,author32@library.ua
Нічний 1034,Наукова фантастика,650.23,157,Мельник Анна,Українська,1953,author33@library.ua
Крила 1035,Психологія,1162.06,288,Лисенко Петро,Французька,1961,author34@library.ua
Острів 1036,Романтика,1001.66,131,Поліщук Олена,Польська,1959,author35@library.ua
Межа 1037,Детектив,763.41,452,Ткаченко Василь,Японська,1994,author36@library.ua
Дзеркало 1038,Психологія,1157.78,363,Кравченко Тетяна,Американська,1978,author37@library.ua
Сон 1039,Фантастика,1072.0,57,Гончаренко Андрій,Британська,1940,author38@library.ua
Рівновага 1040,Психологія,980.33,67,Савченко Наталія,Німецька,1982,author39@library.ua
Таємниця 1041,Поезія,704.64,180,Коваленко Олег,Британська,1950,author40@library.ua
Останній 1042,Поезія,936.88,358,Шевченко Марія,Британська,1976,author41@library.ua
Зоряний 1043,Біографія,474.23,485,Бондаренко Іван,Німецька,1965,author42@library.ua
Пригоди 1044,Історичний роман,524.02,200,Мельник Анна,Японська,1982,author43@library.ua
Тінь 1045,Поезія,205.1,51,Лисенко Петро,Українська,1993,author44@library.ua
Серце 1046,Романтика,229.46,142,Поліщук Олена,Німецька,1949,author45@library.ua
Код 1047,Детектив,463.3,129,Ткаченко Василь,Польська,1950,author46@library.ua
Вогонь 1048,Пригоди,1179.11,1,Кравченко Тетяна,Німецька,1941,author47@library.ua
Голос 1049,Історичний роман,1100.43,136,Гончаренко Андрій,Японська,1945,author48@library.ua
Місто 1050,Детектив,824.79,44,Савченко Наталія,Американська,1966,author49@library.ua
